n10117851,1664,gal,P
n10142391,1662,"grandfather, gramps, granddad, grandad, granddaddy, grandpa",P
n09988063,1643,"dad, dada, daddy, pa, papa, pappa, pop",P
n10145590,1557,great grandmother,P
n10559288,1544,"schoolchild, school-age child, pupil",P
n10525617,1535,"retiree, retired person",P
n10274815,1528,"lowerclassman, underclassman",P
n09918554,1526,"child, baby",P
n09718217,1510,"Japanese, Nipponese",P
n10376523,1508,"oldster, old person, senior citizen, golden ager",P
n10353016,1463,"neonate, newborn, newborn infant, newborn baby",P
n10267311,1434,little brother,P
n10143172,1429,grandparent,P
n10638922,1424,"sport, sportsman, sportswoman",P
n10150071,1423,guard,P
n10145239,1414,"great-aunt, grandaunt",P
n09624168,1407,"male, male person",P
n10787470,1405,"woman, adult female",P
n09636339,1404,"Black, Black person, blackamoor, Negro, Negroid",P
n10247358,1404,"lass, lassie, young girl, jeune fille",P
n10804287,1403,"young buck, young man",P
n10618342,1402,soccer player,P
n10377021,1399,old woman,P
n10141732,1397,granddaughter,P
n10247880,1381,Latin,P
n10145774,1380,great grandparent,P
n09619168,1371,"female, female person",P
n10142747,1354,"grandma, grandmother, granny, grannie, gran, nan, nanna",P
n09719309,1341,Kenyan,P
n10602985,1340,"sister, sis",P
n10734394,1339,twin,P
n10595164,1338,"sibling, sib",P
n10173410,1328,heroine,P
n09918248,1327,"child, kid",P
n10282482,1322,"maid, maiden",P
n09823502,1314,"aunt, auntie, aunty",P
n10542761,1314,runner,P
n09877951,1314,"buddy, brother, chum, crony, pal, sidekick",P
n10080869,1302,"father, male parent, begetter",P
n10375402,1299,old man,P
n10289039,1293,man,P
n10780632,1292,"wife, married woman",P
n10624074,1291,"son, boy",P
n09833441,1285,bairn,P
n10129825,1282,"girl, miss, missy, young lady, young woman, fille",P
n10084295,1280,"female child, girl, little girl",P
n10610465,1276,"sleeper, slumberer",P
n09827363,1273,"baby, babe, sister",P
n10465451,1273,"premature baby, preterm baby, premature infant, preterm infant, preemie, premie",P
n09705124,1268,Ethiopian,P
n09620794,1265,"native, indigen, indigene, aborigine, aboriginal",P
n09610405,1257,"commoner, common man, common person",P
n00007846,1242,"person, individual, someone, somebody, mortal, soul",P
n10092643,1210,"firstborn, eldest",P
n10694258,1206,"teacher, instructor",P
n10104064,1151,boss,P
n10602470,919,Sister,P
n10332861,862,mother,P
n10763620,854,waitress,P
n09641002,844,white man,P
n10654932,405,stepparent,P
n10788852,402,woman,P
n10639238,376,"sport, summercater",P
n09843602,353,bather,P
n10227266,352,junior,P
n09937056,328,"collegian, college man, college boy",P
n10020890,1365,"doctor, doc, physician, MD, Dr., medico",P
n10366966,1357,nurse,P
n09951274,1290,computer user,P
n10599806,1327,"singer, vocalist, vocalizer, vocaliser",P
n10513823,1367,"redhead, redheader, red-header, carrottop",P
n09945745,1275,commuter,P
n10260800,1253,"lifeguard, lifesaver",P
n10464542,384,"preceptor, don",P
n10701180,1452,tennis player,P
n10667477,1317,stylist,P
n09842047,1227,"basketball player, basketeer, cager",P
n10698368,1222,"television reporter, television newscaster, TV reporter, TV newsman",P
n09637339,1203,Black woman,P
n10145480,1122,great granddaughter,P
n09793141,1560,ancient,
n10078806,1208,"farmer, husbandman, granger, sodbuster",
n10263411,1316,lineman,
n10582746,1418,"serviceman, military man, man, military personnel",
n10249459,1346,"lawman, law officer, peace officer",
n09722658,1208,Mexican,
n10721321,1308,traffic cop,
n09763784,1261,"acquaintance, friend",
n10542608,772,runner,
n09839702,757,barmaid,
n10134760,379,godfather,
n10151133,376,guest,
n09750282,1407,Papuan,
n10243137,1369,lady,
n10718131,1340,"tourist, tourer, holidaymaker",
n10340312,1331,"musician, instrumentalist, player",
n10182190,1330,"homeless, homeless person",
n10082043,1327,father-in-law,
n10002760,1319,"demonstrator, protester",
n09903153,1315,"celebrity, famous person",
n10633450,1313,"spectator, witness, viewer, watcher, looker",
n10192839,1311,hunk,
n10560106,1303,"schoolmate, classmate, schoolfellow, class fellow",
n10200781,1290,"important person, influential person, personage",
n09854218,1268,big sister,
n10467179,1060,president,
n10106509,336,"foster-mother, foster mother",
n09712696,1489,"Malay, Malayan",
n10439373,1444,"platinum blond, platinum blonde",
n09621232,1406,native,
n10405694,1373,patient,
n10236304,1326,"kin, kinsperson, family",
n09923673,1305,citizen,
n09718936,1302,Korean,
n10102800,1206,"forefather, father, sire",
n09923003,365,cicerone,
n10357613,1570,niece,
n09618957,1570,face,
n10146104,1508,"great-niece, grandniece",
n10260706,1508,life,
n10146002,1466,"great-nephew, grandnephew",
n09724785,1442,Nigerian,
n10105733,1422,forward,
n10439851,1414,"player, participant",
n10324560,1400,"model, poser",
n09787534,1390,"ambassador, embassador",
n09695979,1384,"Byelorussian, Belorussian, White Russian",
n10054657,1379,employer,
n09840217,1367,"baron, big businessman, business leader, king, magnate, mogul, power, top executive, tycoon",
n10406765,1363,"patriarch, paterfamilias",
n10523341,1363,reservist,
n10578471,1362,senator,
n10005934,1358,deputy,
n10202624,1358,"incumbent, officeholder",
n09732170,1350,Sudanese,
n10674713,1350,sumo wrestler,
n09747495,1340,Gambian,
n10195593,1330,"hypocrite, dissembler, dissimulator, phony, phoney, pretender",
n10575463,1327,"seeded player, seed",
n10053808,1326,employee,
n09712448,1319,Haitian,
n10333838,1318,"motorcycle cop, motorcycle policeman, speed cop",
n10572706,1316,Secretary of State,
n10289462,1313,manageress,
n09874862,1311,"bridesmaid, maid of honor",
n09902954,1311,"celebrant, celebrator, celebrater",
n10303814,1305,"mayor, city manager",
n09713108,1302,"Netherlander, Dutchman, Hollander",
n09913593,1292,cheerleader,
n09694664,1288,Bolivian,
n10598181,1285,signorina,
n10368528,1284,"nymph, houri",
n10568358,1277,second cousin,
n10748620,1270,"very important person, VIP, high-up, dignitary, panjandrum, high muckamuck",
n10542888,1269,runner,
n10644598,1253,"staff member, staffer",
n09734185,1251,Tanzanian,
n10078131,1249,"fancier, enthusiast",
n09941787,1246,"commander in chief, generalissimo",
n10380672,1245,"orator, speechmaker, rhetorician, public speaker, speechifier",
n10384392,1242,orphan,
n10040945,1213,"eager beaver, busy bee, live wire, sharpie, sharpy",
n10153414,1208,"guy, cat, hombre, bozo",
n10467395,1205,"President of the United States, United States President, President, Chief Executive",
n10631131,400,native speaker,
n10374943,384,old-age pensioner,
n10188715,334,housekeeper,
n10152616,332,guru,
n10107173,321,"foster-son, foster son",
n09745324,310,"Pennsylvanian, Keystone Stater",
n09742927,265,Illinoisan,
n10323752,261,"mistress, kept woman, fancy woman",
n09916348,1614,"chief executive officer, CEO, chief operating officer",
n10401331,1599,parrot,
n09988493,1596,"Dalai Lama, Grand Lama",
n09764598,1559,aerialist,
n09820263,1551,"athlete, jock",
n10304914,1548,"medalist, medallist, medal winner",
n09733793,1544,Tahitian,
n10151760,1543,"guitarist, guitar player",
n10098245,1540,"flutist, flautist, flute player",
n10604380,1538,skateboarder,
n10331167,1525,morris dancer,
n10147935,1523,"groom, bridegroom",
n10308732,1522,"mender, repairer, fixer",
n09903501,1520,"cellist, violoncellist",
n09943239,1515,commissioned military officer,
n10577284,1497,"seller, marketer, vender, vendor, trafficker",
n09972458,1492,"cover girl, pin-up, lovely",
n09938449,1489,color guard,
n10112129,1487,"monk, monastic",
n10411551,1474,"peddler, pedlar, packman, hawker, pitchman",
n10645017,1469,staff sergeant,
n09834699,1468,ballet dancer,
n09930876,1464,"clown, buffoon, goof, goofball, merry andrew",
n10738111,1454,unicyclist,
n10091450,1451,"fire-eater, fire-swallower",
n10613996,1447,"smasher, stunner, knockout, beauty, ravisher, sweetheart, peach, lulu, looker, mantrap, dish",
n10159533,1447,hang glider,
n10070711,1446,"exhibitionist, show-off",
n09813219,1445,"artist's model, sitter",
n10470779,1441,priest,
n10387196,1439,right fielder,
n10015485,1438,director,
n09861946,1431,"boatman, boater, waterman",
n10148035,1431,"groom, bridegroom",
n10635788,1430,sphinx,
n10185793,1430,"horseman, equestrian, horseback rider",
n09822830,1427,attorney general,
n10396106,1427,"panelist, panellist",
n09889941,1424,camper,
n10689306,1424,tailback,
n09932098,1417,pitching coach,
n10153594,1414,gymnast,
n10382825,1413,organist,
n10169147,1411,"heiress, inheritress, inheritrix",
n09847543,1410,"beldam, beldame",
n10726031,1400,"transvestite, cross-dresser",
n09836160,1398,"bullfighter, toreador",
n10415037,1395,percussionist,
n10530959,1369,"right-hander, right hander, righthander",
n09846755,1365,"beekeeper, apiarist, apiculturist",
n10137825,1356,"gondolier, gondoliere",
n10435988,1355,"pitcher, hurler, twirler",
n10802507,1355,"yard bird, yardbird",
n09800964,1353,appointee,
n10588357,1352,"sheik, tribal sheik, sheikh, tribal sheikh, Arab chief",
n09743792,1351,"Minnesotan, Gopher",
n10091651,1349,"fireman, firefighter, fire fighter, fire-eater",
n10049363,1348,"electrician, lineman, linesman",
n10313239,1348,metropolitan,
n10209731,1345,"insurance broker, insurance agent, general agent, underwriter",
n09989502,1344,"dancer, professional dancer, terpsichorean",
n10037385,1342,"drunkard, drunk, rummy, sot, inebriate, wino",
n10339717,1341,musher,
n10756148,1341,viscount,
n09816771,1339,associate,
n09841188,1338,"bartender, barman, barkeep, barkeeper, mixologist",
n10159045,1336,"animal trainer, handler",
n09913455,1335,cheerleader,
n10634849,1335,"speedskater, speed skater",
n09923561,1329,circus acrobat,
n09691729,1327,Bahamian,
n10036929,1325,drummer,
n10315561,1323,miler,
n10155849,1322,"hairdresser, hairstylist, stylist, styler",
n09944022,1320,commissioner,
n09835506,1319,"ballplayer, baseball player",
n10019406,1314,"diver, plunger",
n09906449,1313,chameleon,
n09915434,1310,"Cheops, Khufu",
n09684901,1308,swami,
n10205457,1308,infielder,
n10145340,1306,great grandchild,
n10261624,1305,"light heavyweight, cruiserweight",
n10135129,1303,godson,
n10746931,1302,"vaulter, pole vaulter, pole jumper",
n10548681,1302,"salesperson, sales representative, sales rep",
n09981939,1302,Cub Scout,
n10565667,1300,scuba diver,
n10093475,1296,"first sergeant, sergeant first class",
n10001481,1291,"demagogue, demagog, rabble-rouser",
n10696508,1291,technician,
n10588074,1291,sheep,
n10092978,1290,"first lieutenant, 1st lieutenant",
n10355449,1288,"newcomer, fledgling, fledgeling, starter, neophyte, freshman, newbie, entrant",
n10553235,1287,"saunterer, stroller, ambler",
n09917593,1285,"child, kid, youngster, minor, shaver, nipper, small fry, tiddler, tike, tyke, fry, nestling",
n10572889,1284,"Secretary of the Interior, Interior Secretary",
n09659039,1282,Kickapoo,
n09785659,1282,alpinist,
n09734450,1281,Tibetan,
n10092488,1280,"first baseman, first sacker",
n10320863,1280,"minister, government minister",
n10043491,1280,"econometrician, econometrist",
n10091564,1279,"fire-eater, hothead",
n10226413,1279,juggler,
n10237196,1279,"kisser, osculator",
n09730824,1279,Senegalese,
n10732010,1279,"trumpeter, cornetist",
n10763383,1277,"waiter, server",
n10259348,1276,lieutenant,
n10167152,1276,heavyweight,
n09894143,1274,cardinal,
n10259780,1273,"lieutenant colonel, light colonel",
n09694771,1273,Bornean,
n09835348,1273,balloonist,
n10630188,1269,"speaker, talker, utterer, verbalizer, verbaliser",
n09644152,1268,"Mongol, Mongolian",
n09871681,1267,Boy Scout,
n10622053,1266,soldier,
n10175248,1265,high priest,
n10229883,1265,keyboardist,
n10505613,1265,raiser,
n10283170,1264,major,
n10025635,1264,donna,
n09845401,1262,beard,
n10183931,1262,"honor guard, guard of honor",
n10055410,1261,"enchantress, temptress, siren, Delilah, femme fatale",
n10793570,1261,wright,
n10620758,1261,sociologist,
n10098517,1258,flyweight,
n10422405,1257,"philatelist, stamp collector",
n09688804,1256,Frank,
n10730728,1256,"trooper, state trooper",
n10043643,1256,"economist, economic expert",
n09607630,1255,"appointee, appointment",
n09696456,1252,Cameroonian,
n10314517,1252,middleweight,
n10421470,1252,"pharmacist, druggist, chemist, apothecary, pill pusher, pill roller",
n10642596,1250,square dancer,
n09751895,1250,Zimbabwean,
n10178216,1249,"hitter, striker",
n10085869,1249,"fiance, groom-to-be",
n09718811,1249,Jordanian,
n10701644,1247,"tennis pro, professional tennis player",
n09990415,1247,"dancer, social dancer",
n10313724,1247,"microeconomist, microeconomic expert",
n10686885,1245,syndic,
n09896685,1244,carpenter,
n10406391,1244,patriarch,
n10282672,1244,"maid, maidservant, housemaid, amah",
n10079399,1243,"farmhand, fieldhand, field hand, farm worker",
n10665587,1243,"stud, he-man, macho-man",
n09638875,1243,"White, White person, Caucasian",
n09974648,1242,"craftsman, artisan, journeyman, artificer",
n09727826,1242,Polynesian,
n10583387,1241,"settler, colonist",
n09836519,1241,matador,
n10123844,1240,"general, full general",
n10607291,1240,"skin-diver, aquanaut",
n09941964,1239,"commanding officer, commandant, commander",
n10421016,1239,"Pharaoh, Pharaoh of Egypt",
n09836343,1239,banderillero,
n10707233,1238,"therapist, healer",
n10341573,1238,Muslimah,
n10243664,1238,lama,
n10369317,1238,oboist,
n10042845,1238,"eccentric, eccentric person, flake, oddball, geek",
n10323634,1237,mistress,
n09711435,1237,Laconian,
n09708750,1237,Parisian,
n10332385,1237,"mother, female parent",
n10317500,1237,"military policeman, MP",
n09896170,1237,caricaturist,
n09846894,1236,"beer drinker, ale drinker",
n09752023,1236,Zulu,
n10493685,1236,puppeteer,
n09859152,1235,blacksmith,
n09676884,1235,Slav,
n10157128,1235,halfback,
n10092794,1234,first lady,
n10709529,1233,thrower,
n09905185,1233,"certified public accountant, CPA",
n09874725,1232,bride,
n09858165,1231,black belt,
n09893191,1231,captain,
n10607478,1230,skinhead,
n09734639,1229,Tuareg,
n10299250,1229,"master of ceremonies, emcee, host",
n10679174,1229,"surgeon, operating surgeon, sawbones",
n09871867,1229,boy scout,
n10498816,1228,"quarterback, signal caller, field general",
n10060352,1228,"entrepreneur, enterpriser",
n09841696,1227,"base runner, runner",
n10604979,1227,skidder,
n09951616,1226,"concert-goer, music lover",
n09700964,1226,"Britisher, Briton, Brit",
n10267865,1225,little sister,
n10186216,1225,"horse wrangler, wrangler",
n10017272,1224,"disk jockey, disc jockey, dj",
n09750891,1223,"Yugoslav, Jugoslav, Yugoslavian, Jugoslavian",
n10727171,1223,trawler,
n10682953,1222,"sweetheart, sweetie, steady, truelove",
n10540114,1221,Mountie,
n09836786,1220,picador,
n10701962,1220,"tenor saxophonist, tenorist",
n10631309,1219,Speaker,
n09899929,1219,"casuist, sophist",
n10334009,1219,motorcyclist,
n09767197,1217,"actor, doer, worker",
n10514429,1217,"referee, ref",
n10132035,1217,glassblower,
n09811852,1216,"artilleryman, cannoneer, gunner, machine gunner",
n10120330,1216,"garbage man, garbageman, garbage collector, garbage carter, garbage hauler, refuse collector, dustman",
n09772930,1216,"adulteress, fornicatress, hussy, jade, loose woman, slut, strumpet, trollop",
n10345015,1216,nan,
n09705784,1216,Eritrean,
n10566072,1215,"sculptor, sculpturer, carver, statue maker",
n09991867,1215,"darling, favorite, favourite, pet, dearie, deary, ducky",
n10559996,1215,schoolmaster,
n09789566,1215,amputee,
n10223177,1214,jockey,
n10038409,1214,duchess,
n10360747,1214,"noncommissioned officer, noncom, enlisted officer",
n09505153,1214,spiritual leader,
n10098624,1213,flyweight,
n09626238,1213,"peer, equal, match, compeer",
n09736945,1212,Ugandan,
n09750770,1212,Yemeni,
n09622302,1210,lover,
n10210911,1210,"interlocutor, conversational partner",
n10098862,1210,folk dancer,
n10034614,1210,drinker,
n10512372,1210,"recruit, military recruit",
n09635534,1210,Black African,
n10536416,1209,rock star,
n09976429,1209,"creature, wight",
n10692482,1209,"taster, taste tester, taste-tester, sampler",
n10098710,1207,"foe, enemy",
n10406266,1207,patriarch,
n10187990,1206,"hotelier, hotelkeeper, hotel manager, hotelman, hosteller",
n10655594,1206,"steward, flight attendant",
n09744161,1206,"Nebraskan, Cornhusker",
n09715427,1206,Dubliner,
n09972010,1205,"cousin, first cousin, cousin-german, full cousin",
n10753442,1205,villager,
n09770179,1204,"adjutant, aide, aide-de-camp",
n10387324,1204,"right-handed pitcher, right-hander",
n10711766,1204,Timorese,
n10465831,1204,presbyter,
n10665698,1204,"student, pupil, educatee",
n10432441,1204,pilgrim,
n10791221,1204,"workman, workingman, working man, working person",
n10671613,1203,"successor, heir",
n09873899,1203,"breeder, stock breeder",
n09707289,1203,Lithuanian,
n09627906,1202,"recipient, receiver",
n10293332,1202,"marcher, parader",
n09818022,1201,"astronaut, spaceman, cosmonaut",
n10174445,1200,high commissioner,
n10316360,1200,military attache,
n10308168,1200,board member,
n09652149,1196,Chickasaw,
n09779790,1195,"agriculturist, agriculturalist, cultivator, grower, raiser",
n09689958,1194,Albanian,
n10529231,1193,"rich person, wealthy person, have",
n10441962,1192,plenipotentiary,
n10476467,1190,"private, buck private, common soldier",
n09727440,1190,Filipino,
n10508710,1184,reader,
n09720256,1183,"Latin American, Latino",
n09915651,1177,chess master,
n09723067,1176,"Mexican-American, Mexicano",
n09920283,1176,choreographer,
n10145902,1175,great grandson,
n09854421,1175,billiard player,
n09712324,1171,Guyanese,
n09805324,1170,"archer, bowman",
n10739391,1168,Unknown Soldier,
n09942970,1167,commissioned officer,
n10611613,1166,"sleuth, sleuthhound",
n09929298,1164,climber,
n09734535,1163,Togolese,
n10472129,1161,"primigravida, gravida I",
n10727458,1154,"Treasury, First Lord of the Treasury",
n09714694,1151,"Iraqi, Iraki",
n10675010,1149,sunbather,
n10321340,1148,"minor leaguer, bush leaguer",
n10305802,1143,"medical practitioner, medical man",
n10563403,1143,scrambler,
n09720842,1141,Liberian,
n10624540,1140,"songwriter, songster, ballad maker",
n10488656,1139,psycholinguist,
n10740868,1139,"upstart, parvenu, nouveau-riche, arriviste",
n10627252,1139,soul mate,
n10427764,1138,"physical therapist, physiotherapist",
n10755080,1138,violist,
n09725653,1137,Omani,
n10524076,1136,resident commissioner,
n09787765,1135,ambassador,
n09696585,1132,Canadian,
n10628644,1131,"sovereign, crowned head, monarch",
n09632518,1127,worker,
n09838621,1119,bantamweight,
n10300154,1114,mate,
n09792969,1102,"anchor, anchorman, anchorperson",
n10317007,1098,"military officer, officer",
n09744834,1091,"North Carolinian, Tarheel",
n09724656,1089,Nicaraguan,
n10780284,1084,"widow, widow woman",
n09855433,1084,biographer,
n09809925,1083,"arranger, adapter, transcriber",
n10348526,1082,"Navy SEAL, SEAL",
n10082687,1081,featherweight,
n09833536,1079,"baker, bread maker",
n09894445,1079,"cardiologist, heart specialist, heart surgeon",
n09676247,1079,"Punjabi, Panjabi",
n10276477,1073,lumper,
n10583790,1072,settler,
n10629939,1070,"sparring partner, sparring mate",
n10485883,1069,protectionist,
n09890749,1066,"candidate, prospect",
n10486166,1064,protegee,
n09717233,1060,Sabine,
n10262445,1060,lightweight,
n09742101,1060,Floridian,
n10076604,1055,"falconer, hawker",
n09856671,1050,birth,
n10469874,1049,press photographer,
n09683757,1047,Buddhist,
n10624310,1045,songster,
n09697401,1042,Central American,
n09846469,1040,"Bedouin, Beduin",
n10373390,1034,officiant,
n10288964,1033,adonis,
n10013811,1031,diocesan,
n10093818,1030,"fishmonger, fishwife",
n10207169,1029,"in-law, relative-in-law",
n10258786,1028,licentiate,
n10134178,1028,"goat herder, goatherd",
n09971273,1026,countrywoman,
n10333601,1021,mother's daughter,
n10382710,1019,organ-grinder,
n09872066,1018,"bragger, braggart, boaster, blowhard, line-shooter, vaunter",
n10419785,1011,Peter Pan,
n10034201,1010,"drinker, imbiber, toper, juicer",
n10069296,1006,executant,
n09934337,1005,cog,
n10450161,998,political scientist,
n10378026,993,"onlooker, looker-on",
n09620078,987,"inhabitant, habitant, dweller, denizen, indweller",
n10508141,983,ratepayer,
n10782471,979,winger,
n09899671,977,"casualty, injured party",
n09731436,977,South African,
n09981278,974,crown princess,
n09946814,973,compere,
n10189278,973,"house physician, resident, resident physician",
n09843443,971,bat boy,
n09873473,970,breadwinner,
n10081204,970,"Father, Padre",
n10737103,964,"understudy, standby",
n09692915,964,Herero,
n10242328,964,Labourite,
n10504206,961,"radiologist, radiotherapist",
n09730204,959,"Scandinavian, Norse, Northman",
n09770359,959,adjutant general,
n10750031,956,vicar,
n09724533,954,"New Zealander, Kiwi",
n09693982,953,Barbadian,
n09782397,950,alderman,
n10672371,949,Sufi,
n10259997,948,lieutenant commander,
n09874428,947,brick,
n10333439,944,"mother's boy, mamma's boy, mama's boy",
n09650729,938,Biloxi,
n09933098,935,"cobbler, shoemaker",
n10164492,933,head nurse,
n09932508,933,"coal miner, collier, pitman",
n10263790,932,line officer,
n10327987,930,"Monegasque, Monacan",
n09752519,929,"Gemini, Twin",
n10347446,929,naval commander,
n10004718,928,department head,
n10521662,923,"reporter, newsman, newsperson",
n09774783,919,"advocate, advocator, proponent, exponent",
n09873348,917,brawler,
n10453184,917,pool player,
n09675922,916,"Gujarati, Gujerati",
n10087434,914,fighter pilot,
n10364198,914,"novitiate, novice",
n10362319,913,nonsmoker,
n10477713,913,"probationer, student nurse",
n10024362,908,"domestic partner, significant other, spousal equivalent, spouse equivalent",
n10007684,908,designated hitter,
n10279018,906,"machinist, mechanic, shop mechanic",
n09728285,905,"Romanian, Rumanian",
n10209082,903,"instigator, initiator",
n10451450,895,politician,
n09618760,895,exponent,
n10393909,895,painter,
n10275395,887,"loyalist, stalwart",
n10449664,887,policyholder,
n10116702,882,futurist,
n10728624,875,tribesman,
n09809749,875,army officer,
n09930257,872,"closer, finisher",
n10173771,871,Herr,
n10077593,870,"fan, buff, devotee, lover",
n10510245,868,rear admiral,
n09719794,868,"Lao, Laotian",
n10581890,867,"serjeant-at-law, serjeant, sergeant-at-law, sergeant",
n10318293,867,"mill-hand, factory worker",
n10652605,867,state treasurer,
n09934774,866,coiffeur,
n10296176,865,"marshal, marshall",
n10603851,865,sitar player,
n09830194,864,back,
n09886403,864,"caddie, golf caddie",
n09796809,863,anti,
n10095769,857,flatmate,
n09928136,857,"cleric, churchman, divine, ecclesiastic",
n10509063,856,reading teacher,
n10384496,850,orphan,
n10548537,844,salesman,
n09835230,844,ball hawk,
n09659188,841,"Kiliwa, Kiliwi",
n10385566,840,"osteopath, osteopathist",
n10690648,839,"tanker, tank driver",
n09749386,836,Guinean,
n10806113,835,zoo keeper,
n10649197,834,starlet,
n10082997,829,federalist,
n09731343,823,Slovene,
n09689435,820,"Afghan, Afghanistani",
n10431625,819,"picker, chooser, selector",
n10225219,818,"judge, justice, jurist",
n10249270,817,"lawgiver, lawmaker",
n09701833,817,Englishwoman,
n09862621,816,bobby,
n09756049,812,"abettor, abetter",
n09889065,810,call girl,
n10147121,810,gringo,
n09760609,807,companion,
n10120671,806,gardener,
n10208950,805,inspector general,
n09842528,805,"bass, basso",
n10500217,802,queen,
n10375314,802,old lady,
n10386984,801,outfielder,
n09832456,801,baggage,
n09606527,801,"anomaly, unusual person",
n10578021,801,semifinalist,
n09881265,800,bursar,
n10131151,799,girl wonder,
n10078719,799,farm boy,
n09964202,795,"copilot, co-pilot",
n09871229,792,"cub, lad, laddie, sonny, sonny boy",
n10502329,792,rabbi,
n10754189,789,"vintner, wine merchant",
n09695620,788,Bulgarian,
n10300500,781,mater,
n09990777,778,"dancing-master, dance master",
n10009276,777,"detective, investigator, tec, police detective",
n10522759,777,"rescuer, recoverer, saver",
n10033412,775,"dressmaker, modiste, needlewoman, seamstress, sempstress",
n09791816,774,"anarchist, nihilist, syndicalist",
n10588965,773,shepherd,
n10528023,772,rheumatologist,
n10410246,771,peacekeeper,
n09844457,771,Bavarian,
n10719132,768,"town crier, crier",
n09851165,768,"best, topper",
n09679170,767,gentile,
n09877750,766,"Brummie, Brummy",
n10277027,766,pyromaniac,
n10027246,766,"double, image, look-alike",
n10205231,766,inferior,
n09661873,764,"Mohican, Mahican",
n10280674,760,"magician, prestidigitator, conjurer, conjuror, illusionist",
n09751496,758,Xhosa,
n10474645,756,"principal, school principal, head teacher, head",
n09904208,756,centenarian,
n10574538,755,secularist,
n09742315,755,German American,
n09782167,753,"alcoholic, alky, dipsomaniac, boozer, lush, soaker, souse",
n09743487,752,"Mainer, Down Easter",
n10747119,750,vegetarian,
n10773665,748,welder,
n10395828,748,Panchen Lama,
n09881895,748,business editor,
n09843824,744,"baton twirler, twirler",
n09725772,742,Pakistani,
n09896401,739,"caroler, caroller",
n09776346,736,affiliate,
n09676021,735,Kashmiri,
n09861863,734,boatbuilder,
n09720595,732,Lebanese,
n10772092,731,"weatherman, weather forecaster",
n09931165,729,"clown, buffoon",
n10559508,729,schoolfriend,
n10070108,728,executive vice president,
n10253122,727,"left-hander, lefty, southpaw",
n10048612,725,elder statesman,
n10685398,723,sylph,
n09757449,723,"abseiler, rappeller",
n09706255,719,Komi,
n09967967,718,co-star,
n10734891,717,Tyke,
n10191001,716,hugger,
n10150940,716,"guest, invitee",
n10076224,715,fairy godmother,
n09993252,713,"dawdler, drone, laggard, lagger, trailer, poke",
n09889170,713,"calligrapher, calligraphist",
n10298647,712,master,
n10296444,709,"martinet, disciplinarian, moralist",
n10140597,708,governor general,
n10368624,707,nymphet,
n10450303,705,"politician, politico, pol, political leader",
n09976283,704,"crazy, loony, looney, nutcase, weirdo",
n09923186,704,cigar smoker,
n10141364,702,"grammarian, syntactician",
n09877288,699,brother-in-law,
n09785891,697,altar boy,
n09929577,695,clinician,
n09690621,694,Angolan,
n09924996,693,"civil rights leader, civil rights worker, civil rights activist",
n10506915,692,ranker,
n10473917,692,Prince of Wales,
n09840520,690,baron,
n10657835,687,stock trader,
n10624437,683,songstress,
n10253296,682,legal representative,
n10562283,682,scorer,
n09988703,679,"dallier, dillydallier, dilly-dallier, mope, lounger",
n10086383,678,"fielder, fieldsman",
n09911226,675,"charwoman, char, cleaning woman, cleaning lady, woman",
n09624559,675,"mediator, go-between, intermediator, intermediary, intercessor",
n10763075,674,"waif, street child",
n10400108,674,parishioner,
n10563314,673,scoutmaster,
n10203949,672,inductee,
n09814660,672,"asserter, declarer, affirmer, asseverator, avower",
n09932336,669,coachman,
n10117739,669,"gainer, weight gainer",
n10359546,668,"Nobelist, Nobel Laureate",
n09730077,668,Sarawakian,
n10611267,667,sleeping beauty,
n10026976,666,"dosser, street person",
n10595647,663,"sick person, diseased person, sufferer",
n10165448,663,"hearer, listener, auditor, attender",
n10401639,663,"partaker, sharer",
n09975425,662,"craftsman, crafter",
n10036692,662,"drum majorette, majorette",
n10033663,660,"dribbler, driveller, slobberer, drooler",
n10707134,660,theosophist,
n10146416,660,Green Beret,
n10435169,659,pipe smoker,
n10304086,659,mayoress,
n10241300,658,"laborer, manual laborer, labourer, jack",
n09834378,657,"ball carrier, runner",
n09654518,654,Delaware,
n09670521,652,Tarahumara,
n10482220,651,"promoter, booster, plugger",
n09895561,648,caregiver,
n09740724,648,Anglo-American,
n09830400,648,backbencher,
n10318607,647,millionairess,
n10221312,643,"jester, fool, motley fool",
n10377185,642,oligarch,
n10686073,641,"sympathizer, sympathiser, well-wisher",
n10757050,640,visiting professor,
n10262655,640,lightweight,
n09792555,640,"ancestor, ascendant, ascendent, antecedent, root",
n09943811,639,commissioner,
n10019072,639,"district attorney, DA",
n09923418,636,"cipher, cypher, nobody, nonentity",
n10297531,634,"mason, stonemason",
n10403876,632,"passenger, rider",
n09738121,631,Igbo,
n10585077,631,sex symbol,
n10314836,629,"midwife, accoucheuse",
n10315456,628,Milanese,
n09899782,627,casualty,
n09823832,625,au pair girl,
n10688356,623,tactician,
n09824609,622,authority,
n10610850,621,sleeper,
n10123122,620,gendarme,
n10140929,619,"graduate nurse, trained nurse",
n10421956,619,"philanthropist, altruist",
n09824135,618,"authoritarian, dictator",
n10127689,616,geologist,
n10661563,612,"strategist, strategian",
n10680609,612,surveyor,
n10461060,612,"poultryman, poulterer",
n09863031,611,"bodyguard, escort",
n09893344,611,"captain, chieftain",
n10550369,608,sangoma,
n09936825,607,colleen,
n10562135,607,"scorekeeper, scorer",
n09643799,605,"gook, slant-eye",
n09638454,604,mulatto,
n09827246,604,"babu, baboo",
n09917214,603,chief of staff,
n09639919,603,Semite,
n10356877,602,"newsreader, news reader",
n10639359,600,"sporting man, outdoor man",
n10237069,599,kinswoman,
n10325774,597,"modeler, modeller",
n09703485,597,"limey, John Bull",
n10522035,594,representative,
n09764900,593,active,
n10499232,593,Quebecois,
n10075693,593,facilitator,
n09904837,592,"centrist, middle of the roader, moderate, moderationist",
n09728137,592,"Qatari, Katari",
n10407310,591,"patriot, nationalist",
n10290919,591,manicurist,
n10262561,590,lightweight,
n09830629,588,"backpacker, packer",
n10107303,587,"founder, beginner, founding father, father",
n09618880,587,ex-president,
n10375052,586,old boy,
n10487182,585,"pruner, trimmer",
n09758885,584,academic administrator,
n09686401,584,Eurasian,
n09981540,583,"cryptanalyst, cryptographer, cryptologist",
n09842395,579,Basket Maker,
n10144338,577,"grass widower, divorced man",
n09698644,577,Congolese,
n10400618,577,parliamentary agent,
n10346015,576,nationalist,
n10076957,575,falsifier,
n10521100,573,"repairman, maintenance man, service man",
n10765679,572,"wanderer, roamer, rover, bird of passage",
n10639637,572,"sports announcer, sportscaster, sports commentator",
n10574840,571,security consultant,
n09791419,570,market strategist,
n09747191,569,"Vietnamese, Annamese",
n09629752,566,"traveler, traveller",
n09616922,566,entertainer,
n10233248,564,kingmaker,
n10115430,563,fullback,
n10750640,561,vicar-general,
n09797873,561,Anzac,
n09953350,561,"confectioner, candymaker",
n10792335,558,"worshiper, worshipper",
n09990690,558,clog dancer,
n10188957,558,housemate,
n09725000,557,"Hausa, Haussa",
n10499355,557,"queen, queen regnant, female monarch",
n09651123,557,Caddo,
n10164233,555,"headmaster, schoolmaster, master",
n10680796,555,surveyor,
n09791014,554,industry analyst,
n09901337,554,catechist,
n09927451,552,"clergyman, reverend, man of the cloth",
n09681234,551,Copt,
n10400437,550,"Parliamentarian, Member of Parliament",
n10483138,548,"propagator, disseminator",
n10237676,545,"Klansman, Ku Kluxer, Kluxer",
n09759501,545,academician,
n10620586,544,sociolinguist,
n10495756,543,"pusher, thruster",
n10298912,543,"master, captain, sea captain, skipper",
n10235385,543,Counsel to the Crown,
n10160280,543,harlequin,
n10407954,542,"patron, sponsor, supporter",
n09954639,541,"confidant, intimate",
n09924106,541,city father,
n09683924,541,Zen Buddhist,
n10419472,541,pessimist,
n10343355,540,myope,
n09944430,537,committeewoman,
n10131815,537,gladiator,
n09861599,536,"bluestocking, bas bleu",
n10362557,534,Northern Baptist,
n09701148,533,English person,
n10252222,532,"lector, lecturer, reader",
n10297841,532,"masquerader, masker, masquer",
n10168837,532,heir apparent,
n10167838,532,hedger,
n10498986,531,quartermaster,
n10420507,529,"pet sitter, critter sitter",
n10185483,528,hornist,
n09895222,528,careerist,
n10216106,527,investor,
n10235024,526,"king, queen, world-beater",
n09866817,525,"bootblack, shoeblack",
n10464052,525,"prayer, supplicant",
n09753792,524,"Pisces, Fish",
n10314054,523,middle-aged man,
n10678937,522,supremo,
n10530150,522,rider,
n09708889,521,Parisienne,
n10667863,521,subcontractor,
n09720033,520,"Lapp, Lapplander, Sami, Saami, Same, Saame",
n10328123,519,monetarist,
n10569179,518,"second-rater, mediocrity",
n10745006,517,"valedictorian, valedictory speaker",
n09801533,517,"aspirant, aspirer, hopeful, wannabe, wannabee",
n10342992,517,Mycenaen,
n10134982,517,godparent,
n09805151,516,archbishop,
n10500419,513,queen consort,
n10039271,512,duffer,
n10313000,511,Metis,
n09607903,511,Ashkenazi,
n10212501,511,"interpreter, translator",
n10671736,510,"successor, replacement",
n10791115,510,working girl,
n10058962,509,enlisted woman,
n10355142,508,neutral,
n10152763,507,guru,
n10500603,506,queen mother,
n10174330,505,highbrow,
n10481268,504,"programmer, computer programmer, coder, software engineer",
n10568608,504,"second fiddle, second banana",
n10037922,503,"dry, prohibitionist",
n10215623,503,investigator,
n09696763,503,French Canadian,
n10370955,502,wine lover,
n10525436,502,"retailer, retail merchant",
n10147262,499,grinner,
n09622049,498,"juvenile, juvenile person",
n10243273,497,lady-in-waiting,
n09924195,496,city man,
n10432189,496,"picnicker, picknicker",
n10418735,496,"perspirer, sweater",
n10291822,494,"man of action, man of deeds",
n10108018,494,foundress,
n09902731,494,"caveman, cave man, cave dweller, troglodyte",
n10198437,493,"idol, matinee idol",
n10792856,493,wrecker,
n09994673,492,"deacon, Protestant deacon",
n09901921,491,cat fancier,
n09894654,491,card player,
n10039946,491,dunker,
n10782940,490,"winner, victor",
n10069981,489,executive secretary,
n09761068,487,"accomplice, confederate",
n10001217,486,"deliveryman, delivery boy, deliverer",
n10186068,484,horse trader,
n10225931,484,judge advocate,
n09941089,483,comer,
n10237464,483,kitchen help,
n10341343,482,music teacher,
n10483799,482,prophetess,
n10146816,481,"grenadier, grenade thrower",
n09917345,480,chief petty officer,
n09640715,479,Elamite,
n10187491,477,hostess,
n10782791,477,winner,
n09851575,476,betrothed,
n10355688,476,newcomer,
n09959142,474,constable,
n09608709,473,"benefactor, helper",
n09919451,473,chit,
n10222170,472,jezebel,
n10438842,472,plasterer,
n09809538,469,"army engineer, military engineer",
n10761190,469,voyager,
n09850760,467,"berserker, berserk",
n09970822,466,compromiser,
n10744164,466,"vacationer, vacationist",
n10751152,465,vicegerent,
n10053439,465,empress,
n10328328,464,moneygrubber,
n09980985,463,croupier,
n10702167,463,termer,
n10699981,462,term infant,
n10208189,462,inquiry agent,
n09765118,461,active citizen,
n09726621,461,South American Indian,
n10020670,461,divorce lawyer,
n10253703,460,"legionnaire, legionary",
n10590146,460,shipmate,
n10227985,459,"jurist, legal expert",
n10395073,458,"pallbearer, bearer",
n10095869,458,"flatterer, adulator",
n10669991,457,"subordinate, subsidiary, underling, foot soldier",
n10755648,457,"Visayan, Bisayan",
n09648743,457,Nahuatl,
n09750641,456,Walloon,
n10693824,455,"taxonomist, taxonomer, systematist",
n09656077,455,Havasupai,
n10194231,454,"ex-husband, ex",
n10366276,454,number theorist,
n10063635,454,"Eskimo, Esquimau, Inuit",
n10377291,453,Olympian,
n09691858,453,"Bahraini, Bahreini",
n10530383,452,riding master,
n10253479,452,"legate, official emissary",
n10368291,452,"nursling, nurseling, suckling",
n10592811,451,"shop steward, steward",
n09754217,451,"abbess, mother superior, prioress",
n10212231,451,internist,
n09695514,450,Bruneian,
n09741816,450,Coloradan,
n09703708,449,Cantabrigian,
n10593521,449,shot putter,
n09710041,449,Gabonese,
n10580030,449,"separatist, separationist",
n10672662,447,suffragette,
n09736798,445,"Uzbek, Uzbeg, Uzbak, Usbek, Usbeg",
n10646140,443,stakeholder,
n10096126,443,"flibbertigibbet, foolish woman",
n10741367,443,urchin,
n10308504,443,"memorizer, memoriser",
n10499631,441,Queen of England,
n10757492,440,"visualizer, visualiser",
n09755241,440,absconder,
n09931640,440,"coach, manager, handler",
n10441037,440,"playmate, playfellow",
n10190122,439,housing commissioner,
n10556518,438,"schemer, plotter",
n09612700,437,contrarian,
n09760913,437,"accompanist, accompanyist",
n10530571,437,rifleman,
n10641223,436,sprog,
n10248008,436,Latin,
n09741331,435,"Arkansan, Arkansawyer",
n10246317,435,langlaufer,
n10249869,434,law student,
n09923996,433,city editor,
n09733459,432,Syrian,
n10019187,430,district manager,
n10443830,430,pluralist,
n09720702,430,Levantine,
n10402709,430,part-timer,
n09613118,429,contadino,
n09668437,429,Shasta,
n09741999,428,"Delawarean, Delawarian",
n09672590,428,Yana,
n09748648,428,Prussian,
n10185148,428,hoper,
n09783884,426,"aliterate, aliterate person",
n10405540,425,pater,
n09762011,424,accused,
n10103228,423,foreign agent,
n10064831,423,"esthetician, aesthetician",
n10197392,422,"ideologist, ideologue",
n10710778,421,tight end,
n10252354,420,"lector, reader",
n10569011,420,"second lieutenant, 2nd lieutenant",
n09814488,420,assemblywoman,
n10410996,419,peasant,
n10093167,418,first offender,
n09876701,418,Brother,
n09906704,416,"champion, champ, title-holder",
n10432957,415,"pillar, mainstay",
n10156831,414,Hakka,
n10333317,412,mother-in-law,
n10576962,412,selfish person,
n10151570,411,guide,
n10218043,409,Ivy Leaguer,
n10717337,409,totalitarian,
n10718952,409,towhead,
n10396337,408,panhandler,
n10378780,407,operator,
n10261862,407,light heavyweight,
n10646641,406,stalking-horse,
n09693244,405,"Luba, Chiluba",
n09800469,404,"appellant, plaintiff in error",
n10099002,403,folk poet,
n10111358,403,free trader,
n10056719,403,"end man, corner man",
n10251612,402,leaker,
n10460033,402,"potboy, potman",
n10443032,402,"plumber, pipe fitter",
n10482587,402,promulgator,
n09927089,401,cleaner,
n10126177,399,"generator, source, author",
n10656969,398,"stipendiary, stipendiary magistrate",
n09872557,398,"brahman, brahmin",
n09644657,397,"Tatar, Tartar, Mongol Tatar",
n10497645,397,"quadruplet, quad",
n10804636,397,young Turk,
n10458111,396,"problem solver, solver, convergent thinker",
n10361194,396,nondriver,
n09670909,396,Tuscarora,
n10041373,395,earl,
n10369417,394,obscurantist,
n10527147,394,revisionist,
n10374849,394,oil tycoon,
n09902851,394,celebrant,
n09842288,393,"basketweaver, basketmaker",
n10002257,393,"demographer, demographist, population scientist",
n10661732,393,"straw boss, assistant foreman",
n10140051,392,gouger,
n09635973,392,Aryan,
n10576676,392,selectman,
n09843716,392,batman,
n10212780,392,interpreter,
n09715165,391,Irishman,
n09859975,390,blind date,
n10747965,387,venture capitalist,
n09744462,387,"New Jerseyan, New Jerseyite, Garden Stater",
n10722965,384,"traitor, treasonist",
n10728998,382,"trier, attempter, essayer",
n10363445,382,noticer,
n09912681,381,"cheapskate, tightwad",
n10692883,381,"tax assessor, assessor",
n09895480,379,career man,
n10071332,379,"exile, expatriate, expat",
n10154601,379,"hack, drudge, hacker",
n09976917,378,"creep, weirdo, weirdie, weirdy, spook",
n10517283,377,Regius professor,
n10023656,376,"dogmatist, doctrinaire",
n10682713,376,sweeper,
n10171567,376,"herder, herdsman, drover",
n10749928,375,"vibist, vibraphonist",
n09834885,374,ballet master,
n09845849,374,"beatnik, beat",
n10094782,374,"flak catcher, flak, flack catcher, flack",
n10743124,374,"utilizer, utiliser",
n10531109,373,"right-hand man, chief assistant, man Friday",
n10344319,373,namby-pamby,
n10513938,373,"redneck, cracker",
n10168012,373,"hedger, equivocator, tergiversator",
n10732967,373,tumbler,
n09917481,373,Chief Secretary,
n10030277,372,"dramatist, playwright",
n09815455,372,assignee,
n10576316,372,"segregator, segregationist",
n09658398,369,Kamia,
n10228712,368,kachina,
n10605253,368,skier,
n09657748,367,"Iowa, Ioway",
n10570704,367,"Secretary of Agriculture, Agriculture Secretary",
n10117267,367,"gagman, gagster, gagwriter",
n10195261,367,"hypnotist, hypnotizer, hypnotiser, mesmerist, mesmerizer",
n10117415,366,"gagman, standup comedian",
n10764719,365,wallah,
n09793946,365,"angler, troller",
n10544748,365,"saboteur, wrecker, diversionist",
n10248377,363,Jehovah's Witness,
n10300041,363,"mate, first mate",
n10761326,363,"voyeur, Peeping Tom, peeper",
n09655213,363,Esselen,
n10684630,362,"swot, grind, nerd, wonk, dweeb",
n09725546,362,"Nova Scotian, bluenose",
n10742997,361,utility man,
n10055297,361,"enchantress, witch",
n10466918,361,preserver,
n09722817,361,Chicano,
n10386874,360,outfielder,
n09901786,359,Catholicos,
n10441124,359,pleaser,
n10159289,359,"handyman, jack of all trades, odd-job man",
n10277638,358,"lutist, lutanist, lutenist",
n10355806,357,New Dealer,
n09729062,355,Muscovite,
n10025060,355,"dominus, dominie, domine, dominee",
n10308066,355,nonmember,
n10312287,352,meteorologist,
n09625401,352,"national, subject",
n10062716,351,erotic,
n10507380,351,rape suspect,
n10097842,351,flower girl,
n09826605,350,"aviatrix, airwoman, aviatress",
n09971839,349,courtier,
n10001764,348,"demigod, superman, Ubermensch",
n10538733,348,roper,
n10441694,347,pledger,
n09886540,347,"cadet, plebe",
n10778044,346,whiteface,
n10074841,346,"extrovert, extravert",
n09873769,344,breaststroker,
n10418101,344,personification,
n10061882,343,epidemiologist,
n10493419,343,punter,
n09849990,341,"benedick, benedict",
n10328696,339,Mongoloid,
n10720453,338,"trader, bargainer, dealer, monger",
n09881358,337,"busboy, waiter's assistant",
n10006177,336,"dermatologist, skin doctor",
n10094584,335,flag officer,
n10520544,334,renegade,
n09683180,334,Jihadist,
n10417424,334,personality,
n09863339,333,boffin,
n10702615,333,"terror, scourge, threat",
n10495555,333,"pusher, drug peddler, peddler, drug dealer, drug trafficker",
n09771435,333,"admirer, adorer",
n10119609,332,gamine,
n10337488,330,"mugwump, independent, fencesitter",
n10693235,330,taxer,
n09826204,329,"aviator, aeronaut, airman, flier, flyer",
n10317963,329,mill agent,
n10316862,329,military leader,
n10537708,328,"Romanov, Romanoff",
n10281896,327,mahatma,
n09673091,327,Yuma,
n10097477,325,"flop, dud, washout",
n10106995,324,"foster-sister, foster sister",
n10778148,324,"Carmelite, White Friar",
n10220080,324,"Javanese, Javan",
n09674412,323,Gadaba,
n10556825,323,"schlemiel, shlemiel",
n10009162,321,"detainee, political detainee",
n10147710,320,grocer,
n10115946,318,"funambulist, tightrope walker",
n10456696,318,"postdoc, post doc",
n10304650,317,mechanical engineer,
n09735654,317,Chuvash,
n10082423,316,"Fauve, fauvist",
n10153865,315,gym rat,
n09941571,315,commander,
n09653144,315,"Cocopa, Cocopah",
n10208847,314,inspector,
n09709673,313,Creole,
n09840435,313,baron,
n10260473,313,"lieutenant junior grade, lieutenant JG",
n09723819,312,Namibian,
n09929202,311,climatologist,
n10750188,311,vicar,
n10044879,310,"editor, editor in chief",
n10276045,310,"lumberman, lumberjack, logger, feller, faller",
n10728117,309,trencher,
n10162354,308,"hatmaker, hatter, milliner, modiste",
n09835153,308,balletomane,
n09675799,307,Tulu,
n10720964,307,"trade unionist, unionist, union member",
n10578162,306,"seminarian, seminarist",
n10394786,304,"paleontologist, palaeontologist, fossilist",
n09857007,304,"bisexual, bisexual person",
n09716047,304,Italian,
n10543937,303,rusher,
n10181878,303,homegirl,
n10154013,303,"gynecologist, gynaecologist, woman's doctor",
n09744346,302,"New Hampshirite, Granite Stater",
n09981092,302,crown prince,
n09847344,302,beggarwoman,
n10676434,301,supermom,
n09944160,301,committee member,
n10519494,299,religious leader,
n10369699,298,"obstetrician, accoucheur",
n10734963,298,"tympanist, timpanist",
n10169241,298,heir presumptive,
n10228278,296,"juror, juryman, jurywoman",
n10478827,296,proctologist,
n10101308,295,football hero,
n10010062,295,developer,
n10473453,294,prince charming,
n10700201,293,"tenant, renter",
n10224578,292,journalist,
n10360366,292,noncandidate,
n10064977,291,etcher,
n10621400,290,sodalist,
n10766260,290,wanton,
n09754907,290,"abridger, abbreviator",
n10781817,290,"wimp, chicken, crybaby",
n10330931,289,moralist,
n09629246,289,sensualist,
n09666349,288,Potawatomi,
n10067600,288,event planner,
n09815790,287,"assistant, helper, help, supporter",
n09870096,286,bowler,
n10442093,286,"plier, plyer",
n09688233,285,Gael,
n10057271,285,"endorser, indorser",
n10507565,285,rapporteur,
n10222716,283,job candidate,
n10417551,283,personal representative,
n10381981,283,orderly,
n09910556,283,chartered accountant,
n10383094,283,organization man,
n09968845,283,"counselor, counsellor",
n09902353,283,"cavalryman, trooper",
n09710886,282,Dorian,
n09665367,282,Penobscot,
n10778711,281,Augustinian,
n10007809,281,"designer, intriguer",
n10762212,281,waffler,
n10211036,280,"interlocutor, middleman",
n10722575,280,trainer,
n09699020,280,"Cypriot, Cypriote, Cyprian",
n09912907,280,Chechen,
n10126424,279,geneticist,
n10298271,278,masseuse,
n10428004,277,physicist,
n09892513,277,"captain, headwaiter, maitre d'hotel, maitre d'",
n10505942,277,"rake, rakehell, profligate, rip, blood, roue",
n10579062,276,senior,
n10240082,276,"knower, apprehender",
n10298202,276,masseur,
n10703480,274,testatrix,
n09748101,273,East German,
n10457444,273,postulator,
n09980805,273,"crossover voter, crossover",
n09706029,273,Finn,
n10373525,272,"Federal, Fed, federal official",
n10084043,272,female offspring,
n10316527,272,"military chaplain, padre, Holy Joe, sky pilot",
n10728233,272,"trend-setter, taste-maker, fashion arbiter",
n10338231,271,"Mullah, Mollah, Mulla",
n09966470,270,corporatist,
n10056103,269,"energizer, energiser, vitalizer, vitaliser, animator",
n10801802,269,yakuza,
n10149436,268,grunter,
n09865068,268,"bondwoman, bondswoman, bondmaid",
n10657556,268,stockjobber,
n09842823,267,"bastard, by-blow, love child, illegitimate child, illegitimate, whoreson",
n09764201,267,acquirer,
n10604634,266,"skeptic, sceptic, doubter",
n09899289,266,cashier,
n10329035,266,monologist,
n10061431,265,eparch,
n10342543,264,"mutterer, mumbler, murmurer",
n10643937,264,squire,
n10676018,262,"superior, higher-up, superordinate",
n09868270,262,"botanist, phytologist, plant scientist",
n10243872,262,"lamb, dear",
n10283366,262,major,
n09868782,261,bottom feeder,
n10471640,261,prima ballerina,
n10228592,260,"justiciar, justiciary",
n10456070,260,poseuse,
n10332953,260,mother,
n10063919,260,espionage agent,
n10492727,260,punching bag,
n09901502,260,"catechumen, neophyte",
n10152306,259,gunnery sergeant,
n10594857,258,"shyster, pettifogger",
n09685233,257,Hare Krishna,
n10708454,257,thinker,
n09615336,256,discussant,
n10694939,256,teaching fellow,
n09754633,256,abnegator,
n10782362,256,wing commander,
n10692090,255,Tarzan,
n10146927,255,"greeter, saluter, welcomer",
n10712229,254,"tinkerer, fiddler",
n10219879,254,Jat,
n10515863,253,Reform Jew,
n09924437,253,"civic leader, civil leader",
n09715303,253,Irishwoman,
n09629065,253,religionist,
n10564098,252,"screen actor, movie actor",
n10507482,252,rapper,
n10369528,252,"observer, commentator",
n10306496,252,megalomaniac,
n09833997,250,"balker, baulker, noncompliant",
n10514121,250,reenactor,
n10354754,249,"neurosurgeon, brain surgeon",
n10504090,248,radiologic technologist,
n10074578,247,"extern, medical extern",
n09953615,246,Confederate,
n10015792,245,dirty old man,
n10333044,244,mother figure,
n10290813,244,"Manichaean, Manichean, Manichee",
n10065758,243,ethnologist,
n10556704,243,schizophrenic,
n10693334,243,taxi dancer,
n09883807,242,"busybody, nosy-parker, nosey-parker, quidnunc",
n09846142,242,beauty consultant,
n09690083,240,Algerian,
n10196725,240,iconoclast,
n10104888,239,forewoman,
n10674130,239,"suitor, suer, wooer",
n09982152,239,cuckold,
n10456138,239,"positivist, rationalist",
n09679925,238,Catholic,
n10568915,238,second-in-command,
n10696101,236,technical sergeant,
n10037080,236,drunk,
n10645223,236,stage director,
n10659042,236,"stoker, fireman",
n10577710,236,selling agent,
n10582604,236,server,
n10414865,236,"Pentecostal, Pentecostalist",
n09837459,235,bandsman,
n10174695,235,"Highlander, Scottish Highlander, Highland Scot",
n10577182,234,self-starter,
n10559009,234,scholiast,
n09885866,234,"cabinetmaker, furniture maker",
n10506544,234,ranch hand,
n10648696,234,"star, principal, lead",
n09848489,233,"believer, truster",
n09960688,233,contractor,
n10803978,233,yogi,
n10751026,233,vice chancellor,
n10721819,232,tragedienne,
n09865162,232,"bondwoman, bondswoman, bondmaid",
n10306595,232,"melancholic, melancholiac",
n09695019,231,Carioca,
n09826821,231,ayah,
n09809279,230,army attache,
n10290541,229,maniac,
n10383505,229,"organizer, organiser, labor organizer",
n10619642,229,social scientist,
n10181547,229,homeboy,
n09606009,228,"adventurer, venturer",
n10474064,228,princess,
n10300654,228,material,
n10710913,227,tiler,
n10541833,227,"civil authority, civil officer",
n10745770,227,valley girl,
n10713843,227,toast mistress,
n09779280,227,agonist,
n10489426,227,psychophysicist,
n10580535,226,"serf, helot, villein",
n11242849,226,"Popper, Karl Popper, Sir Karl Raimund Popper",
n10236842,226,kink,
n09802445,226,appreciator,
n10249950,226,"lawyer, attorney",
n10134396,226,godchild,
n10427223,226,photojournalist,
n10280034,225,maenad,
n09961198,225,contralto,
n10187130,225,host,
n10570019,225,secretary,
n10110731,224,free-liver,
n10619492,224,"socializer, socialiser",
n10646780,224,"stammerer, stutterer",
n10321126,223,ministrant,
n09721244,223,"Luxemburger, Luxembourger",
n10099375,223,follower,
n10695450,222,tearaway,
n10081842,222,father-figure,
n10517137,222,registrar,
n10343088,221,mycologist,
n09937802,221,colonialist,
n10091349,220,"fire chief, fire marshal",
n09773962,220,"advertiser, advertizer, adman",
n09617696,220,experimenter,
n09934488,220,cognitive neuroscientist,
n10716576,219,Tory,
n09849167,219,bell founder,
n10118844,218,gambler,
n10058411,218,enjoyer,
n10579549,218,senior vice president,
n09871095,217,"slugger, slogger",
n09617161,217,"eulogist, panegyrist",
n09780828,217,"air force officer, commander",
n10341243,216,musicologist,
n10419047,216,"pervert, deviant, deviate, degenerate",
n10604275,216,sixth-former,
n09933020,216,cobber,
n09823153,215,auditor,
n10111779,214,Freudian,
n10281770,214,"maharani, maharanee",
n09816654,214,assistant professor,
n10328941,213,monolingual,
n10376890,213,"old-timer, oldtimer, gaffer, old geezer, antique",
n10210648,212,"interior designer, designer, interior decorator, house decorator, room decorator, decorator",
n10585217,212,"sexton, sacristan",
n10319313,212,minder,
n10313441,212,"mezzo-soprano, mezzo",
n10628097,212,Southern Baptist,
n10458596,211,prosthetist,
n09633969,211,"wrongdoer, offender",
n10414239,210,penologist,
n10655442,210,steward,
n10303037,210,matron,
n10482921,210,propagandist,
n10105085,209,"forger, counterfeiter",
n10110893,209,freeloader,
n09703809,209,Cornishman,
n10228468,209,justice of the peace,
n09895902,208,caretaker,
n10580437,207,septuagenarian,
n10222259,206,jilt,
n10513509,206,redcap,
n09782855,205,alexic,
n10029068,205,"draftsman, drawer",
n10238272,205,kneeler,
n10173579,204,heroin addict,
n10138472,204,"good old boy, good ole boy, good ol' boy",
n09931418,203,"coach, private instructor, tutor",
n09992538,202,"date, escort",
n10055566,202,"encyclopedist, encyclopaedist",
n10345659,201,"nark, copper's nark",
n10188856,201,housemaster,
n10355306,201,neutralist,
n10028541,201,doyenne,
n09641578,201,"WASP, white Anglo-Saxon Protestant",
n09660010,200,Malecite,
n10041887,200,"earner, wage earner",
n10036266,200,"drug user, substance abuser, user",
n10618234,199,sob sister,
n10050880,199,elocutionist,
n10473562,199,prince consort,
n10551576,198,sapper,
n09778783,198,"agitator, fomenter",
n10629329,197,spacewalker,
n09745229,197,"Oregonian, Beaver",
n10106387,196,"foster-father, foster father",
n10306890,196,"Melkite, Melchite",
n10455619,196,"portraitist, portrait painter, portrayer, limner",
n10768903,196,washer,
n09690496,194,Andorran,
n10390807,194,padrone,
n09835017,194,ballet mistress,
n10636488,194,"spinster, old maid",
n10168584,194,"heir, inheritor, heritor",
n10169419,193,"hellion, heller, devil",
n10448455,193,point woman,
n09972587,192,cow,
n10451590,192,"pollster, poll taker, headcounter, canvasser",
n10035952,192,"drug addict, junkie, junky",
n09967063,191,cosmetician,
n09892693,190,"captain, senior pilot",
n10586444,190,"sharecropper, cropper, sharecrop farmer",
n10384214,189,"ornithologist, bird watcher",
n10056611,189,end man,
n10493199,188,punter,
n10609198,188,"slattern, slut, slovenly woman, trollop",
n09945319,188,"communist, commie",
n09769076,188,"addict, nut, freak, junkie, junky",
n10111903,188,"friar, mendicant",
n10353355,188,nephew,
n10438172,188,"planner, contriver, deviser",
n10565502,187,"scrutineer, canvasser",
n10675609,186,super heavyweight,
n10464711,186,predecessor,
n10602119,185,sirrah,
n10024937,185,Dominican,
n10293590,185,"marchioness, marquise",
n10033888,185,dribbler,
n10128519,185,geophysicist,
n09741074,185,"Alaska Native, Alaskan Native, Native Alaskan",
n10266848,184,"litigant, litigator",
n10038119,184,dry nurse,
n10236521,184,"enate, matrikin, matrilineal kin, matrisib, matrilineal sib",
n09830926,183,backscratcher,
n10273064,183,"failure, loser, nonstarter, unsuccessful person",
n09741722,183,Carolinian,
n09935107,182,coiner,
n10308275,182,"clansman, clanswoman, clan member",
n10177150,182,"historian, historiographer",
n09624899,182,mediatrix,
n10533874,180,"roadman, road mender",
n10067968,180,"examiner, inspector",
n09537660,180,"messiah, christ",
n10008123,180,desk officer,
n10166189,180,heartbreaker,
n09955944,179,rep,
n10020366,179,"divorcee, grass widow",
n10789709,179,wonderer,
n09854915,178,biochemist,
n09991740,178,dark horse,
n10311661,178,mestiza,
n10488016,177,"psychiatrist, head-shrinker, shrink",
n10154186,177,"Gypsy, Gipsy, Romany, Rommany, Romani, Roma, Bohemian",
n10010632,176,devisee,
n10077879,176,"fanatic, fiend",
n09697986,176,Chilean,
n09779461,176,agony aunt,
n10706812,175,"theorist, theoretician, theorizer, theoriser, idealogue",
n10715789,175,torchbearer,
n09937903,175,"colonizer, coloniser",
n10712374,175,"tinsmith, tinner",
n10769188,175,"washwoman, washerwoman, laundrywoman, laundress",
n10194775,175,hydrologist,
n10739135,175,universal donor,
n10345422,174,"narcissist, narcist",
n09690864,174,Anguillan,
n10457903,174,private citizen,
n10539015,173,"ropewalker, ropedancer",
n10783539,173,winker,
n10283546,173,"major-domo, seneschal",
n10274173,173,Lothario,
n10543161,172,running back,
n10289176,172,man,
n10512859,172,recruiting-sergeant,
n10305635,172,"medical officer, medic",
n10656120,172,stiff,
n10561320,172,"scoffer, flouter, mocker, jeerer",
n10426454,172,phonetician,
n10202763,171,incurable,
n10193650,171,huntress,
n09725229,171,North American,
n09837720,171,banker,
n09745834,170,Texan,
n10494195,168,puritan,
n09910840,168,"chartist, technical analyst",
n10493922,168,purchasing agent,
n10417682,167,personage,
n10344774,167,namer,
n10186774,167,"host, innkeeper, boniface",
n09986904,167,cytogeneticist,
n10176913,166,"hireling, pensionary",
n10495421,166,"pusher, shover",
n10047459,166,"egotist, egoist, swellhead",
n10567613,165,Sea Scout,
n10059067,165,"enophile, oenophile",
n09828988,164,baby farmer,
n09764732,163,action officer,
n10290422,163,"maneuverer, manoeuvrer",
n09994808,162,deaconess,
n10475940,162,prior,
n10703221,162,"tertigravida, gravida III",
n09950457,161,compulsive,
n10486561,161,provost marshal,
n09681107,161,"Uniat, Uniate, Uniate Christian",
n09895701,160,caretaker,
n09861287,160,bluecoat,
n09928845,160,"clever Dick, clever clogs",
n10533983,160,"roarer, bawler, bellower, screamer, screecher, shouter, yeller",
n10280598,159,magdalen,
n09774167,159,advisee,
n10358575,159,NIMBY,
n09940725,158,comedian,
n10170060,158,hire,
n10151261,158,guest of honor,
n09823287,158,"augur, auspex",
n10244359,157,lamplighter,
n10620212,157,Socinian,
n09832633,156,bag lady,
n09794668,156,animist,
n09668562,153,Shawnee,
n09968652,153,"cotter, cottier",
n10400205,153,park commissioner,
n10265801,153,lisper,
n10191613,152,"humanitarian, do-gooder, improver",
n10683675,152,"swinger, tramp",
n10723230,152,traitress,
n10617397,151,snorer,
n10166394,151,"heathen, pagan, gentile, infidel",
n10284064,151,"maker, shaper",
n10735173,150,typist,
n09869317,150,bounty hunter,
n10417288,150,peshmerga,
n10781236,150,"wiggler, wriggler, squirmer",
n10275249,150,"Lowlander, Scottish Lowlander, Lowland Scot",
n10343554,150,"mystic, religious mystic",
n10170681,149,"hematologist, haematologist",
n09777870,149,buck sergeant,
n10784113,148,"wise guy, smart aleck, wiseacre, wisenheimer, weisenheimer",
n10060175,148,entrant,
n09707061,147,Livonian,
n10604880,146,sketcher,
n10756641,146,visionary,
n09833111,146,bailiff,
n10420649,146,"petter, fondler",
n10230216,146,Khedive,
n10344203,145,nailer,
n10297367,145,masochist,
n10718665,145,"tovarich, tovarisch",
n09947127,145,complexifier,
n09995829,145,deipnosophist,
n09662038,145,"Muskhogean, Muskogean",
n09866559,144,bookworm,
n10697282,144,"teetotaler, teetotaller, teetotalist",
n10314182,144,middlebrow,
n10095420,143,flapper,
n09885059,143,buttinsky,
n10738215,143,unilateralist,
n09838370,143,"bankrupt, insolvent",
n10206629,143,ingenue,
n09695132,142,Tupi,
n10227698,141,junior lightweight,
n09856827,141,"birth-control campaigner, birth-control reformer",
n09906293,141,"chambermaid, fille de chambre",
n09765278,141,"actor, histrion, player, thespian, role player",
n10634464,141,speech therapist,
n09808080,140,"Aristotelian, Aristotelean, Peripatetic",
n10707707,140,Thessalonian,
n10196404,140,iceman,
n10250712,140,lay reader,
n09738400,140,American,
n10076483,140,"falangist, phalangist",
n09610255,140,color-blind person,
n10227393,139,junior,
n10101981,139,footman,
n09814381,139,assemblyman,
n10067011,139,"evangelist, revivalist, gospeler, gospeller",
n10007995,138,"desk clerk, hotel desk clerk, hotel clerk",
n10479135,138,procurator,
n09961739,138,convener,
n10361060,138,nondescript,
n09905530,138,"chachka, tsatske, tshatshke, tchotchke, tchotchkeleh",
n10485298,138,prospector,
n09962966,137,"convict, con, inmate, yard bird, yardbird",
n10661002,137,"stranger, alien, unknown",
n09754152,136,abbe,
n10278456,136,"macebearer, mace, macer",
n10068234,136,"examiner, tester, quizzer",
n09820044,136,atheist,
n10690421,136,tallyman,
n10805501,135,Zionist,
n10524223,135,respecter,
n09958292,135,Anglican,
n10300829,135,materialist,
n09971385,135,"county agent, agricultural agent, extension agent",
n10567722,134,"seasonal worker, seasonal",
n10206173,134,"informer, betrayer, rat, squealer, blabber",
n10091861,134,fire marshall,
n09938080,134,"coloratura, coloratura soprano",
n10553140,133,satrap,
n10066206,133,Etonian,
n10353928,132,neurobiologist,
n10774329,132,westerner,
n09737050,132,Ukranian,
n10464870,131,"preemptor, pre-emptor",
n10227490,131,"Junior, Jr, Jnr",
n10048367,131,elder,
n10235269,131,King's Counsel,
n10684827,131,"sycophant, toady, crawler, lackey, ass-kisser",
n09798096,129,aphakic,
n09690208,129,Altaic,
n10094320,129,flagellant,
n10657306,129,stitcher,
n10216403,128,invigilator,
n10104487,128,foreman,
n09951070,128,computer scientist,
n10433452,128,pilot,
n10597505,127,signer,
n10654211,127,stentor,
n10040240,127,Dutch uncle,
n10557246,127,"schlockmeister, shlockmeister",
n10487363,127,psalmist,
n10437698,127,plainsman,
n10160412,127,"harmonizer, harmoniser",
n09825096,127,"authorizer, authoriser",
n09982525,126,cultist,
n10210137,126,"insurgent, insurrectionist, freedom fighter, rebel",
n10269199,126,locksmith,
n09814567,126,assenter,
n10758337,126,"vixen, harpy, hellcat",
n10321882,125,"misanthrope, misanthropist",
n09722064,125,Sabahan,
n10619888,125,social secretary,
n09847267,125,beggarman,
n10538853,125,roper,
n10471732,125,"prima donna, diva",
n09744679,125,New Yorker,
n10575594,125,"seeder, cloud seeder",
n10735984,124,"umpire, ump",
n10703336,124,"testator, testate",
n09928451,124,clerk,
n10715030,123,"tomboy, romp, hoyden",
n10043024,123,"eclectic, eclecticist",
n10051861,123,emeritus,
n10199251,123,"imam, imaum",
n10768272,123,warrantee,
n09945223,122,communicant,
n10044682,122,ectomorph,
n09493983,122,Circe,
n10719036,122,town clerk,
n10684146,122,"switcher, whipper",
n10727016,122,traverser,
n10758445,121,vizier,
n10520286,121,"Renaissance man, generalist",
n09811568,120,arthritic,
n10127186,120,gent,
n10655986,120,stickler,
n09913329,120,cheerer,
n09650839,120,Blackfoot,
n10575787,120,"seeker, searcher, quester",
n10341446,120,musketeer,
n09802951,119,Arabist,
n10759331,119,"volunteer, military volunteer, voluntary",
n10008254,118,"desk sergeant, deskman, station keeper",
n10491998,118,pudge,
n10070377,118,executrix,
n10213034,118,intervenor,
n10671042,118,"substitute, reserve, second-stringer",
n10121800,118,gastroenterologist,
n09903936,118,censor,
n10411867,118,"pederast, paederast, child molester",
n09654898,117,Diegueno,
n09724234,117,Gurkha,
n10237799,116,kleptomaniac,
n09651968,116,Cheyenne,
n10591811,115,shopaholic,
n10731732,115,"truant, hooky player",
n10574311,115,section hand,
n10539160,115,rosebud,
n10526534,115,revenant,
n10502950,115,"racist, racialist",
n10417843,114,persona grata,
n10050043,114,elegist,
n10577820,114,"semanticist, semiotician",
n10015215,114,"director, theater director, theatre director",
n10614629,114,"smith, metalworker",
n09758173,114,"abstainer, ascetic",
n10149867,113,"prison guard, jailer, jailor, gaoler, screw, turnkey",
n10629647,113,"Spanish American, Hispanic American, Hispanic",
n09672725,113,Yavapai,
n10060075,113,entrant,
n09658815,112,Kekchi,
n10271677,112,"Lord, noble, nobleman",
n10724570,112,transferee,
n10654015,112,"stenographer, amanuensis, shorthand typist",
n10753339,111,"vigilante, vigilance man",
n10478462,111,proconsul,
n09817386,111,associate professor,
n09709531,110,Creole,
n09705671,110,Amhara,
n10458356,110,pro-lifer,
n10051761,110,embryologist,
n10017422,110,dispatcher,
n10581648,109,spree killer,
n09784564,109,alliterator,
n09680908,109,Old Catholic,
n10712690,109,"tippler, social drinker",
n09833751,109,balancer,
n10741152,108,upstart,
n10768148,108,warrantee,
n10630093,107,spastic,
n10335246,107,"mourner, griever, sorrower, lamenter",
n09753348,107,"Sagittarius, Archer",
n10474343,106,princess royal,
n10435251,106,"pip-squeak, squirt, small fry",
n10363573,106,novelist,
n10000459,106,"deist, freethinker",
n09662661,106,"Navaho, Navajo",
n10560637,106,scientist,
n09783537,105,"alienee, grantee",
n10218164,105,Jack of all trades,
n10733820,105,tutee,
n10150794,105,guesser,
n10632576,104,"specialist, medical specialist",
n10779610,104,white supremacist,
n10142166,104,grande dame,
n10000294,104,defense contractor,
n09684082,103,Mahayanist,
n09889691,103,"campaigner, candidate, nominee",
n10274318,103,"loudmouth, blusterer",
n10074249,103,ex-spouse,
n09704057,103,Lancastrian,
n10302700,102,matriarch,
n10419630,101,"pest, blighter, cuss, pesterer, gadfly",
n10769459,100,"wastrel, waster",
n10742005,100,usherette,
n10546428,100,"sailing master, navigator",
n10129338,100,Gibson girl,
n10261211,99,life tenant,
n10462860,99,"practitioner, practician",
n10642705,99,"square shooter, straight shooter, straight arrow",
n09846586,99,"bedwetter, bed wetter, wetter",
n10667709,99,subaltern,
n10775003,99,wetter,
n10722029,99,trail boss,
n10472447,98,"primordial dwarf, hypoplastic dwarf, true dwarf, normal dwarf",
n10435716,98,"pisser, urinator",
n09640327,98,"Chaldean, Chaldaean, Chaldee",
n10108832,98,Francophobe,
n10167565,98,"heckler, badgerer",
n09665545,98,Penutian,
n10466198,98,"presenter, sponsor",
n09726811,98,"Carib, Carib Indian",
n10561736,98,scofflaw,
n10286749,97,Malthusian,
n10205714,97,infiltrator,
n10293861,97,margrave,
n10015897,97,"disbeliever, nonbeliever, unbeliever",
n10459882,97,postulant,
n09918867,97,"child prodigy, infant prodigy, wonder child",
n09942697,97,"commissar, political commissar",
n10257221,97,liberator,
n10675142,96,sundowner,
n09865672,96,book agent,
n10332110,96,moss-trooper,
n10483395,95,"property man, propman, property master",
n10171456,95,"herbalist, herb doctor",
n09699642,95,Dane,
n10433610,95,"Piltdown man, Piltdown hoax",
n10586903,94,shaver,
n09936892,94,"college student, university student",
n09714120,94,Icelander,
n10691937,94,"Tartuffe, Tartufe",
n09668988,94,Sihasapa,
n10143725,93,granter,
n10704238,93,test-tube baby,
n10712474,93,tinter,
n10012484,93,"dietician, dietitian, nutritionist",
n10621294,92,"soda jerk, soda jerker",
n09748889,92,Ghanian,
n10142946,92,grandmaster,
n10704886,92,thane,
n09685806,92,Shintoist,
n10732854,92,Tudor,
n09712967,92,Moro,
n09663999,91,Oneida,
n10755164,91,virago,
n09909929,91,charge d'affaires,
n09627807,91,"prize winner, lottery winner",
n10138369,90,good guy,
n09755893,90,aberrant,
n10616578,90,sneezer,
n09919061,90,"chimneysweeper, chimneysweep, sweep",
n10302576,90,"matriarch, materfamilias",
n09801102,89,apprehender,
n10561222,89,scion,
n10474446,89,"principal, dealer",
n10576818,89,selectwoman,
n10763245,89,wailer,
n09737453,89,"Tungus, Evenk",
n10359659,88,NOC,
n10075299,88,eyewitness,
n10563711,88,scratcher,
n10436334,88,pitchman,
n10451858,88,"polluter, defiler",
n09611722,87,conservator,
n10047199,87,"egocentric, egoist",
n10365514,87,nudger,
n10590452,87,shipping agent,
n10646032,87,stainer,
n10760199,86,votary,
n09735258,86,Turki,
n09863936,86,"Bolshevik, Bolshevist",
n09932788,85,coastguardsman,
n10180791,85,"holdover, hangover",
n10168183,85,"hedonist, pagan, pleasure seeker",
n10571907,85,Secretary of Health and Human Services,
n10306279,85,"medium, spiritualist, sensitive",
n10510974,84,receiver,
n10262343,84,"light-o'-love, light-of-love",
n09961605,83,convalescent,
n09938991,83,"colossus, behemoth, giant, heavyweight, titan",
n10104756,83,"forester, tree farmer, arboriculturist",
n10295371,83,marquess,
n10546633,83,"sailor, crewman",
n10009484,83,detective,
n10673296,83,sugar daddy,
n09920106,83,choragus,
n09868899,83,boulevardier,
n10519126,82,"anchorite, hermit",
n10462751,82,"power worker, power-station worker",
n10395390,82,"pamperer, spoiler, coddler, mollycoddler",
n10509810,82,"real estate broker, real estate agent, estate agent, land agent, house agent",
n10315217,81,"mikado, tenno",
n09856401,81,bird fancier,
n10741493,81,urologist,
n10095265,81,"flanker back, flanker",
n09616573,80,"enologist, oenologist, fermentologist",
n10764465,80,walking delegate,
n10777299,80,whisperer,
n09970088,80,counterterrorist,
n10437014,80,"placeman, placeseeker",
n09912431,79,"male chauvinist, sexist",
n10390698,79,padrone,
n10371052,79,"offerer, offeror",
n10617024,79,"snob, prig, snot, snoot",
n10597745,78,"signor, signior",
n10509161,78,realist,
n10333165,78,mother hen,
n10368711,78,nympholept,
n09700125,78,Djiboutian,
n10245863,78,"landscape architect, landscape gardener, landscaper, landscapist",
n10469611,78,"press agent, publicity man, public relations man, PR man",
n10389976,78,oyabun,
n10284965,78,malcontent,
n10598459,77,"silent partner, sleeping partner",
n10223606,77,John Doe,
n10802621,77,yardie,
n10697135,77,"Ted, Teddy boy",
n10377542,77,omnivore,
n09776642,77,affluent,
n10204177,77,industrialist,
n10596517,77,sightreader,
n09979321,76,critic,
n10042690,76,eavesdropper,
n10773800,76,"welfare case, charity case",
n09797742,76,"anti-Semite, Jew-baiter",
n10512708,75,recruiter,
n10738871,75,Arminian,
n09864968,75,"bondman, bondsman",
n10699752,75,tempter,
n10710259,75,"ticket collector, ticket taker",
n10414768,75,pentathlete,
n10742546,75,"usurper, supplanter",
n09838295,75,bank robber,
n10708292,75,"thinker, creative thinker, mind",
n10554024,75,Savoyard,
n09797998,75,ape-man,
n10710171,74,thurifer,
n10713686,74,"toastmaster, symposiarch",
n09679028,74,"gentile, non-Jew, goy",
n10784544,74,witch doctor,
n09801275,74,April fool,
n10659762,73,stooper,
n10594147,73,"shrew, termagant",
n09721444,73,Macedonian,
n10369095,73,oarswoman,
n10660883,73,"straight man, second banana",
n10245639,73,"landowner, landholder, property owner",
n09896311,73,carillonneur,
n10179069,71,hobbyist,
n10776887,71,whipper-in,
n09998788,71,"deckhand, roustabout",
n10656223,71,"stifler, smotherer",
n10349750,71,Nazarene,
n10408809,71,patternmaker,
n10497534,70,quadriplegic,
n09756961,70,abomination,
n10598013,70,signore,
n10544232,69,rustic,
n10448322,69,pointsman,
n10487592,69,psephologist,
n10061195,69,enzymologist,
n10383237,69,"organizer, organiser, arranger",
n10299875,69,"matchmaker, matcher, marriage broker",
n09997622,69,"debtor, debitor",
n09958447,69,consignee,
n10380499,69,Orangeman,
n10207077,69,polymath,
n10734741,69,two-timer,
n09862183,68,"boatswain, bos'n, bo's'n, bosun, bo'sun",
n09866354,68,bookmaker,
n10395209,68,"palmist, palmister, chiromancer",
n10386754,67,outdoorswoman,
n09980458,67,"cross-examiner, cross-questioner",
n10603528,67,"waverer, vacillator, hesitator, hesitater",
n10552393,66,Sassenach,
n09703344,66,"Lombard, Langobard",
n10383816,66,"originator, conceiver, mastermind",
n10086744,66,field judge,
n10528493,66,"rhymer, rhymester, versifier, poetizer, poetiser",
n10402824,66,party,
n09866115,66,bookkeeper,
n09901642,66,caterer,
n10205344,66,infernal,
n10481167,66,profit taker,
n09808591,65,armiger,
n09772746,65,"adulterer, fornicator",
n10161622,65,hash head,
n10080508,65,"fatalist, determinist, predestinarian, predestinationist",
n10654321,64,"stepbrother, half-brother, half brother",
n10067305,64,Evangelist,
n09961469,64,control freak,
n10349243,64,"obstructionist, obstructor, obstructer, resister, thwarter",
n10679723,64,surpriser,
n10219453,64,janissary,
n10732521,64,trusty,
n10327143,64,molecular biologist,
n09952163,63,"conciliator, make-peace, pacifier, peacemaker, reconciler",
n10754281,63,"violator, debaucher, ravisher",
n10082299,63,"Fauntleroy, Little Lord Fauntleroy",
n09964411,63,"copycat, imitator, emulator, ape, aper",
n09691604,63,Austrian,
n09892262,63,capitalist,
n09658921,63,Kichai,
n09702673,62,Angle,
n10660621,62,strafer,
n10676569,62,"supernumerary, spear carrier, extra",
n10240417,62,kolkhoznik,
n09853881,62,"big shot, big gun, big wheel, big cheese, big deal, big enchilada, big fish, head honcho",
n10705615,62,"theologian, theologist, theologizer, theologiser",
n10027590,61,"double-crosser, double-dealer, two-timer, betrayer, traitor",
n10261511,61,light flyweight,
n10753061,61,Victorian,
n10420277,61,"petit juror, petty juror",
n10484858,61,"prosecutor, public prosecutor, prosecuting officer, prosecuting attorney",
n10345302,60,"narc, nark, narcotics agent",
n10443659,60,pluralist,
n09710164,60,"Greek, Hellene",
n09983889,60,"curator, conservator",
n10712835,60,"tipster, tout",
n10331098,60,morosoph,
n10171219,60,"herald, trumpeter",
n10618848,59,socialist,
n09650989,59,Brule,
n09859285,59,blade,
n09858299,59,"blackmailer, extortioner, extortionist",
n10011360,59,dialectician,
n10318686,59,millwright,
n09988311,59,dairyman,
n09950728,59,computational linguist,
n10772937,58,weeder,
n09871952,58,boy wonder,
n10371330,58,office boy,
n10291942,58,man of letters,
n10174971,58,"high-muck-a-muck, pooh-bah",
n10783734,58,"wireman, wirer",
n09776807,57,aficionado,
n10335931,57,mover,
n10568200,57,"second baseman, second sacker",
n10206506,57,ingenue,
n10061043,57,"envoy, envoy extraordinary, minister plenipotentiary",
n10131590,57,gitano,
n09741904,56,Connecticuter,
n10113583,56,"front man, front, figurehead, nominal head, straw man, strawman",
n10550252,56,sandwichman,
n10409459,56,pawnbroker,
n09869578,56,Bourbon,
n10601234,55,Sinologist,
n10468750,55,"president, prexy",
n10501635,55,quietist,
n09751622,55,"Zairese, Zairean",
n10114550,55,fucker,
n09999135,55,"defamer, maligner, slanderer, vilifier, libeler, backbiter, traducer",
n10103155,55,foremother,
n10310783,54,Mesoamerican,
n09985809,54,cyberpunk,
n10148305,54,"grouch, grump, crank, churl, crosspatch",
n10615334,54,"smuggler, runner, contrabandist, moon curser, moon-curser",
n10417969,54,persona non grata,
n10142537,54,Grand Inquisitor,
n10326776,54,modifier,
n09985978,54,"cyborg, bionic man, bionic woman",
n10760951,53,vower,
n10720197,53,track star,
n10170866,53,hemiplegic,
n10175725,53,"highjacker, hijacker",
n09945603,53,Communist,
n10802953,53,yardman,
n10499857,53,queen,
n11346873,53,"Townes, Charles Townes, Charles Hard Townes",
n10210512,53,intelligence analyst,
n10794014,53,"writer, author",
n10251329,53,lazybones,
n10748506,52,"vermin, varmint",
n10718509,52,"tout, ticket tout",
n10143595,52,grantee,
n10521853,52,newswoman,
n10371221,52,office-bearer,
n10272913,51,"loser, also-ran",
n10725280,51,"translator, transcriber",
n10350774,51,"nebbish, nebbech",
n10444194,51,poet,
n10240235,51,"know-it-all, know-all",
n10556033,51,scene painter,
n10214390,51,"invalidator, voider, nullifier",
n10315730,50,miles gloriosus,
n10249191,50,law agent,
n09833275,50,bailor,
n10679503,50,Surgeon General,
n10328437,50,moneymaker,
n10295479,50,"marquis, marquess",
n09751076,49,"Serbian, Serb",
n10585628,49,shaheed,
n10342367,49,"mute, deaf-mute, deaf-and-dumb person",
n09672840,49,Yokuts,
n09834258,49,"ball-buster, ball-breaker",
n10011486,49,"diarist, diary keeper, journalist",
n10416567,49,periodontist,
n10368798,49,"nymphomaniac, nympho",
n10660128,49,store detective,
n09677427,49,Anabaptist,
n10325549,49,class act,
n10000787,48,delegate,
n10382157,48,orderly sergeant,
n10516527,48,"registered nurse, RN",
n10789415,48,"wonder boy, golden boy",
n09703101,48,West Saxon,
n11100798,48,"Kennan, George F. Kennan, George Frost Kennan",
n09681973,48,Jewess,
n10139651,47,gossip columnist,
n09795010,47,annotator,
n10631654,47,speechwriter,
n09907804,47,chandler,
n10025295,47,"don, father",
n10343869,46,mythologist,
n10022908,46,"dodo, fogy, fogey, fossil",
n10174253,46,highbinder,
n10420031,46,"petitioner, suppliant, supplicant, requester",
n10478118,46,process-server,
n10357737,46,"niggard, skinflint, scrooge, churl",
n09864632,46,bombshell,
n10334461,46,Mound Builder,
n09878921,46,bull,
n10323999,46,mixed-blood,
n09778927,46,agnostic,
n09662951,46,Nootka,
n10671898,46,"succorer, succourer",
n09675045,46,Kui,
n10554846,46,scalper,
n10033572,46,dressmaker's model,
n09667358,46,Salish,
n10618465,46,"social anthropologist, cultural anthropologist",
n10218292,45,Jacksonian,
n10005006,45,depositor,
n09844898,45,"beadsman, bedesman",
n09674786,45,Kolam,
n10548419,45,"salesgirl, saleswoman, saleslady",
n09763272,45,acid head,
n09828403,44,"baby boomer, boomer",
n09959658,44,constructivist,
n09632274,44,unskilled person,
n09783776,44,alienor,
n10169796,44,"helmsman, steersman, steerer",
n10336411,44,"moviegoer, motion-picture fan",
n10438619,44,"planter, plantation owner",
n10077106,44,familiar,
n10180580,43,holdout,
n09958133,43,"Nonconformist, chapelgoer",
n10023506,43,dog in the manger,
n10023264,43,doge,
n10755394,43,virologist,
n10399130,42,pardoner,
n09748408,42,Berliner,
n10643837,42,squire,
n10536274,42,rocket scientist,
n10465002,42,"preemptor, pre-emptor",
n09635635,42,"Afrikaner, Afrikander, Boer",
n10793799,42,"write-in candidate, write-in",
n10699558,41,"temporizer, temporiser",
n10156629,41,"hakim, hakeem",
n10222497,41,"jobber, middleman, wholesaler",
n10525134,41,"restrainer, controller",
n10785480,40,withdrawer,
n09992837,40,"daughter, girl",
n09657206,40,Hunkpapa,
n10557854,40,"scholar, scholarly person, bookman, student",
n10136959,40,"golfer, golf player, linksman",
n10545792,39,sadist,
n09796974,39,anti-American,
n10426630,39,phonologist,
n10540252,39,Rough Rider,
n10586265,39,"shanghaier, seizer",
n09790482,39,analyst,
n09908769,39,prison chaplain,
n10320484,39,mining engineer,
n10195056,38,hyperope,
n09704283,38,Geordie,
n10495167,38,pursuer,
n10055730,38,endomorph,
n10508379,38,raw recruit,
n10665302,38,struggler,
n10009671,38,"detractor, disparager, depreciator, knocker",
n10700963,38,tenderfoot,
n09996481,38,deaf person,
n10266016,38,literary critic,
n09877587,38,browser,
n10639817,38,sports editor,
n10742111,38,"usher, doorkeeper",
n09795124,38,announcer,
n09920901,37,"chorus girl, showgirl, chorine",
n06340977,37,Hakham,
n09905050,37,centurion,
n10131268,37,"Girondist, Girondin",
n10378113,37,onomancer,
n10342180,37,mutineer,
n10200246,37,imperialist,
n10294020,37,margrave,
n10211666,37,International Grandmaster,
n10432875,37,pill,
n10792506,37,worthy,
n10243483,37,lady's maid,
n10221520,37,Jesuit,
n10672540,37,"suffragan, suffragan bishop",
n10157271,36,half blood,
n10344656,36,name dropper,
n10721708,36,tragedian,
n10394434,36,"Paleo-American, Paleo-Amerind, Paleo-Indian",
n09804230,36,archaist,
n09957523,36,Conservative,
n10237556,36,"kitchen police, KP",
n10070449,36,exegete,
n10160188,36,hardliner,
n10308653,36,Mendelian,
n09865398,36,bond servant,
n10190516,36,"huckster, cheap-jack",
n10612210,35,"slob, sloven, pig, slovenly person",
n10038620,35,duke,
n10108089,35,four-minute man,
n09617577,35,experimenter,
n10010864,35,devourer,
n09660240,35,Maricopa,
n10277815,35,Lutheran,
n10715347,35,toolmaker,
n09607782,34,argonaut,
n09987045,34,cytologist,
n10588724,34,shelver,
n10573957,34,"sectarian, sectary, sectarist",
n10482054,34,"promiser, promisor",
n09678747,34,"Adventist, Second Adventist",
n10663315,34,"streetwalker, street girl, hooker, hustler, floozy, floozie, slattern",
n09772330,34,adoptee,
n10174589,34,"highflier, highflyer",
n10374541,33,oilman,
n10294139,33,"Marine, devil dog, leatherneck, shipboard soldier",
n10245507,33,"landlubber, landsman, landman",
n10276942,33,bedlamite,
n09760290,33,accessory before the fact,
n09653438,33,Comanche,
n10764622,33,walk-on,
n10037588,33,"Druze, Druse",
n09775907,32,aeronautical engineer,
n09912995,32,checker,
n10478960,32,"proctor, monitor",
n10339179,32,murderess,
n10088200,32,"film director, director",
n10114662,32,fuddy-duddy,
n10784922,32,withdrawer,
n10118301,32,galoot,
n10614507,32,smirker,
n09956578,32,"conqueror, vanquisher",
n09821831,32,"attendant, attender, tender",
n10382480,32,ordinary,
n09930628,32,closet queen,
n09784160,32,"allegorizer, allegoriser",
n09961331,32,contributor,
n10244913,31,land agent,
n09841515,31,"baseball coach, baseball manager",
n10097995,31,flower girl,
n10244108,31,lame duck,
n10774756,31,West-sider,
n10783240,31,"window dresser, window trimmer",
n10605737,31,skinny-dipper,
n10184505,31,hooker,
n09788237,31,"amicus curiae, friend of the court",
n10055847,31,"enemy, foe, foeman, opposition",
n09986700,31,Cynic,
n10658304,31,stockist,
n10321632,31,Minuteman,
n10126708,31,genitor,
n10386196,31,out-and-outer,
n10496489,31,"Pygmy, Pigmy",
n10356450,31,newspaper editor,
n10751265,30,"vice president, V.P.",
n10567848,30,seasoner,
n10062176,30,epileptic,
n10804732,30,Young Turk,
n09663248,30,"Oglala, Ogalala",
n09605110,30,number one,
n10457214,30,poster girl,
n10113869,30,frotteur,
n10277912,30,"lyricist, lyrist",
n10172080,30,"hermaphrodite, intersex, gynandromorph, androgyne, epicene, epicene person",
n09769929,30,"adjuster, adjustor, claims adjuster, claims adjustor, claim agent",
n09953052,29,conductor,
n10010767,29,devisor,
n10389865,29,owner-occupier,
n09746936,29,Uruguayan,
n10668666,29,"subject, case, guinea pig",
n10512201,29,"recruit, enlistee",
n10070563,29,"exhibitor, exhibitioner, shower",
n09705003,29,Oxonian,
n09993651,29,day boarder,
n10590239,29,shipowner,
n10370381,29,occultist,
n09867154,28,borderer,
n10668450,28,"subduer, surmounter, overcomer",
n10217208,28,irreligionist,
n09966554,28,"correspondent, letter writer",
n10182402,28,"homeopath, homoeopath",
n10361525,28,"nonperson, unperson",
n10020533,28,"ex-wife, ex",
n10592049,28,shop girl,
n09955406,28,"Confucian, Confucianist",
n09725935,28,Brahui,
n09788073,28,ambusher,
n10450038,28,political prisoner,
n09731571,27,South American,
n10471859,27,prima donna,
n09910374,27,"charmer, beguiler",
n09919899,27,choker,
n10519984,27,remover,
n09958569,27,"consigner, consignor",
n10121714,27,gasman,
n09954355,27,confessor,
n09976728,27,creditor,
n09729156,27,Georgian,
n10744078,27,uxoricide,
n10688811,27,tagger,
n10062042,27,"epigone, epigon",
n10379376,26,"opportunist, self-seeker",
n09670280,26,Taracahitian,
n10347204,26,nautch girl,
n09865744,26,bookbinder,
n09898020,26,Cartesian,
n10116370,26,fundamentalist,
n09778266,26,agent-in-place,
n10771066,26,Wave,
n10518349,26,"reliever, allayer, comforter",
n10051975,26,"emigrant, emigre, emigree, outgoer",
n10538629,26,"ropemaker, rope-maker, roper",
n10180923,26,"holdup man, stickup man",
n10466564,26,presentist,
n09924313,26,"city slicker, city boy",
n10062594,26,equerry,
n09940818,26,comedienne,
n10032987,26,dreamer,
n10028402,26,down-and-out,
n10397392,26,"papoose, pappoose",
n10590903,26,shirtmaker,
n10612373,25,sloganeer,
n10739297,25,UNIX guru,
n10279778,25,madame,
n10265891,25,lister,
n10726786,25,"traveling salesman, travelling salesman, commercial traveler, commercial traveller, roadman, bagman",
n10483890,25,prophet,
n09619452,25,finisher,
n10409752,25,"payer, remunerator",
n09781504,25,alarmist,
n10549510,24,"salvager, salvor",
n10155222,24,"hacker, cyber-terrorist, cyberpunk",
n10711483,24,"timekeeper, timer",
n10025391,24,Donatist,
n10754449,24,"violator, lawbreaker, law offender",
n09617435,24,ex-gambler,
n10162194,24,hater,
n09807075,24,"archpriest, hierarch, high priest, prelate, primate",
n10036444,23,Druid,
n10756261,23,Visigoth,
n09903639,23,censor,
n10080117,23,fascista,
n09703932,23,Cornishwoman,
n09896826,23,"carper, niggler",
n09978442,23,criminologist,
n10539278,23,Rosicrucian,
n10369955,23,occupier,
n10654827,23,stepmother,
n10540656,23,roundhead,
n09784043,23,algebraist,
n09692125,23,Basotho,
n09723944,23,Nauruan,
n10211830,22,internationalist,
n10735298,22,"tyrant, autocrat, despot",
n10762480,22,Wagnerian,
n10775128,22,whaler,
n09880741,22,burglar,
n10322238,22,misfit,
n10626630,22,sorehead,
n10396727,22,paparazzo,
n10776339,22,"whiner, complainer, moaner, sniveller, crybaby, bellyacher, grumbler, squawker",
n10498699,22,quarter,
n09994878,22,deadeye,
n10006748,22,descender,
n10113249,21,frontierswoman,
n09810166,21,"arrival, arriver, comer",
n10202225,21,inamorato,
n10404426,21,passer,
n10803031,21,"yardmaster, trainmaster, train dispatcher",
n09867069,21,"bootmaker, boot maker",
n09893600,21,captive,
n10514255,21,referral,
n10204833,21,infanticide,
n10493835,21,"puppy, pup",
n09967555,21,Cossack,
n10576223,21,segregate,
n10681557,21,"sutler, victualer, victualler, provisioner",
n10186686,21,hospital chaplain,
n09970192,21,"counterspy, mole",
n10117017,21,gadgeteer,
n09649067,21,Olmec,
n10359117,20,niqaabi,
n10040698,20,dyspeptic,
n09819477,20,"cosmographer, cosmographist",
n09755555,20,absolver,
n10157016,20,halberdier,
n10096508,20,flight surgeon,
n10637483,20,split end,
n10357012,20,Newtonian,
n10109662,20,"free agent, free spirit, freewheeler",
n10743356,20,Utopian,
n10248198,20,latitudinarian,
n09853541,20,Big Brother,
n09875979,20,broadcast journalist,
n10634990,20,spellbinder,
n10253611,19,legatee,
n10286282,19,malik,
n09968259,19,"costumier, costumer, costume designer",
n10431122,19,piano maker,
n09965787,19,cornerback,
n09910222,19,charioteer,
n10801561,19,Wykehamist,
n10066314,19,etymologist,
n10490421,19,"publican, tavern keeper",
n10717055,19,tosser,
n10343449,19,myrmidon,
n10302905,19,matriculate,
n10714195,19,tobogganist,
n10401204,19,parricide,
n10779897,19,"whoremaster, whoremonger",
n10439523,18,platitudinarian,
n10705448,18,theatrical producer,
n10511771,18,reciter,
n10791820,18,workmate,
n10488309,18,psychic,
n09755788,18,abecedarian,
n10503818,18,radiobiologist,
n10354265,18,"neurologist, brain doctor",
n09756195,18,abhorrer,
n09702134,18,Anglo-Saxon,
n10136615,18,"goldsmith, goldworker, gold-worker",
n09664908,18,Passamaquody,
n10427359,18,"photometrist, photometrician",
n09707735,18,"Selkup, Ostyak-Samoyed",
n09806944,18,archivist,
n10098388,18,fly-by-night,
n10400003,18,paretic,
n10559683,18,"Schoolman, medieval Schoolman",
n09802641,17,appropriator,
n10643095,17,squatter,
n10048836,17,elected official,
n10650162,17,"statesman, solon, national leader",
n09831962,17,bad person,
n09979913,17,Croesus,
n09790047,17,"analphabet, analphabetic",
n10148825,17,group captain,
n10748142,17,"venturer, merchant-venturer",
n10437262,17,"plagiarist, plagiarizer, plagiariser, literary pirate, pirate",
n09902128,17,"Cavalier, Royalist",
n10612518,17,"slopseller, slop-seller",
n10649308,17,"starter, dispatcher",
n10299700,17,"masturbator, onanist",
n09785236,17,"almoner, medical social worker",
n10097590,17,Florentine,
n10753989,17,vintager,
n10052694,17,"emissary, envoy",
n09976024,17,crapshooter,
n10778999,17,"white hope, great white hope",
n10299125,17,master-at-arms,
n10433077,16,pill head,
n09639382,16,Circassian,
n10751710,16,vice-regent,
n10779995,16,"whoremaster, whoremonger, john, trick",
n10499110,16,quartermaster general,
n10167361,16,heavy,
n10371450,16,"officeholder, officer",
n10268629,16,lobbyist,
n10122531,16,gawker,
n10721124,16,"traditionalist, diehard",
n10729330,16,trifler,
n09879552,16,bully,
n10344121,16,naif,
n10105906,16,"foster-brother, foster brother",
n10018861,16,"distributor, distributer",
n10719807,16,toxicologist,
n10475835,15,print seller,
n10769321,15,"wassailer, carouser",
n10062905,15,escapee,
n10716864,15,Tory,
n10704712,15,"Texas Ranger, Ranger",
n10010243,15,deviationist,
n10003476,15,den mother,
n10377633,15,oncologist,
n10703692,15,"testee, examinee",
n10803282,15,yenta,
n09780395,15,air attache,
n10568443,15,seconder,
n09933972,15,co-beneficiary,
n10387836,15,outlier,
n10403633,15,"party man, party liner",
n09655466,15,Eyeish,
n10514051,15,reeler,
n10633298,15,specifier,
n10118743,15,gambist,
n10597889,15,signora,
n10433737,15,"pimp, procurer, panderer, pander, pandar, fancy man, ponce",
n10738670,15,Unitarian,
n09830759,15,"backroom boy, brain truster",
n09863749,15,"Bolshevik, Marxist, red, bolshie, bolshy",
n10439727,15,"playboy, man-about-town, Corinthian",
n10108464,15,framer,
n09817174,15,associate,
n09675673,14,Toda,
n10765305,14,wally,
n10109826,14,free agent,
n09996304,14,deadhead,
n09880189,14,"bunny, bunny girl",
n10292316,14,"manufacturer, producer",
n09890192,14,camp follower,
n10758949,14,voicer,
n10496393,14,putz,
n10497135,14,qadi,
n10090745,14,finder,
n09778537,14,"aggravator, annoyance",
n10596899,14,"signaler, signaller",
n09858733,14,Black Muslim,
n10765885,13,Wandering Jew,
n10219240,13,Jane Doe,
n10609092,13,slasher,
n10227793,13,junior middleweight,
n10342893,13,muzzler,
n10186350,13,"horticulturist, plantsman",
n10437137,13,placer miner,
n10135197,13,gofer,
n10265281,13,lion-hunter,
n10097262,13,"floorwalker, shopwalker",
n09919200,12,chiropractor,
n10087736,12,filer,
n10718349,12,"tout, touter",
n09909660,12,charcoal burner,
n09933842,12,"codger, old codger",
n09875025,12,bridge agent,
n10382302,12,ordinand,
n09967406,12,"cosmopolitan, cosmopolite",
n10442573,12,"plotter, mapper",
n10239928,12,knocker,
n09883047,12,business traveler,
n10223069,12,Job's comforter,
n10082562,12,favorite son,
n10690268,12,"tallyman, tally clerk",
n10492086,12,puerpera,
n09762385,12,accuser,
n09613191,12,contestant,
n09736485,12,"Turkoman, Turkmen, Turcoman",
n10349836,12,"Nazarene, Ebionite",
n10550468,12,sannup,
n10331347,12,"mortgagee, mortgage holder",
n10713254,12,T-man,
n10500942,12,"question master, quizmaster",
n10655730,12,steward,
n09832978,12,bailee,
n09850974,12,besieger,
n10338391,12,muncher,
n10246703,12,"lapidary, lapidarist",
n10791890,12,worldling,
n10486236,12,protozoologist,
n10536134,12,"rocket engineer, rocket scientist",
n10760622,12,vouchee,
n09848110,12,theist,
n10020807,12,docent,
n09968741,11,"cotter, cottar",
n10404998,11,paster,
n09814252,11,assayer,
n10599215,11,simperer,
n09970402,11,countess,
n10730542,11,trooper,
n10341955,11,"mutilator, maimer, mangler",
n10116478,11,fundraiser,
n09983314,11,curandera,
n10311506,11,messmate,
n10280130,11,"maestro, master",
n10291110,11,manipulator,
n10524869,11,"restaurateur, restauranter",
n10220924,11,Jekyll and Hyde,
n09769525,11,adducer,
n10615179,11,"smoothie, smoothy, sweet talker, charmer",
n10753182,11,"victualer, victualler",
n10502046,11,quitter,
n10267166,11,"litterer, litterbug, litter lout",
n10719267,11,"townsman, towner",
n09951524,11,Comrade,
n10366145,10,nullipara,
n10307114,10,melter,
n09789898,10,analogist,
n09654079,10,Creek,
n10331841,10,"mortician, undertaker, funeral undertaker, funeral director",
n09983572,10,"curate, minister of religion, minister, parson, pastor, rector",
n10462588,10,power user,
n09795334,10,announcer,
n10759982,10,votary,
n09825750,10,"automobile mechanic, auto-mechanic, car-mechanic, mechanic, grease monkey",
n10772580,10,weekend warrior,
n10723597,10,transactor,
n10269289,10,"locum tenens, locum",
n10173665,10,"hero worshiper, hero worshipper",
n10071557,10,"existentialist, existentialist philosopher, existential philosopher",
n10140683,10,grabber,
n10362003,10,nonresident,
n09883452,10,buster,
n10494373,10,Puritan,
n09793352,10,"anecdotist, raconteur",
n10114476,10,fucker,
n09779124,10,"agnostic, doubter",
n10380126,10,optimist,
n09805475,10,"architect, designer",
n10663549,10,"stretcher-bearer, litter-bearer",
n10128748,10,"ghostwriter, ghost",
n10717196,10,"tosser, jerk-off, wanker",
n09984960,10,customer agent,
n10700640,10,tenant,
n10358032,10,night porter,
n09994400,10,"day laborer, day labourer",
n10673776,10,suicide bomber,
n09921034,9,chosen,
n09648911,9,Aztec,
n09666476,9,Powhatan,
n10555059,9,scandalmonger,
n10527334,9,"revolutionist, revolutionary, subversive, subverter",
n09866661,9,"booster, shoplifter, lifter",
n09781650,9,albino,
n10240821,9,Kshatriya,
n10018747,9,distortionist,
n09658254,9,"Kalapooia, Kalapuya, Calapooya, Calapuya",
n10246395,9,languisher,
n10598904,9,"addle-head, addlehead, loon, birdbrain",
n09789150,9,amoralist,
n10506336,9,ramrod,
n10312491,9,meter maid,
n10522324,9,"reprobate, miscreant",
n10266328,9,"literate, literate person",
n09711132,9,Athenian,
n10411356,9,"pedant, bookworm, scholastic",
n09987161,8,czar,
n09780984,8,airhead,
n10072054,8,"exorcist, exorciser",
n10258602,8,licenser,
n10646942,8,"stamper, stomper, tramper, trampler",
n09686262,8,Eurafrican,
n10286539,8,"malingerer, skulker, shammer",
n09867311,8,border patrolman,
n09668199,8,"Shahaptian, Sahaptin, Sahaptino",
n09967816,8,cost accountant,
n10245029,8,landgrave,
n10181799,8,home buyer,
n10498046,8,"quaker, trembler",
n10737264,8,undesirable,
n10083823,8,female aristocrat,
n10153155,8,guvnor,
n10520964,8,rentier,
n10500824,8,Queen's Counsel,
n10351064,8,necker,
n10731013,8,"Trotskyite, Trotskyist, Trot",
n09716933,8,Roman,
n09671089,8,Tutelo,
n10164025,8,"headman, tribal chief, chieftain, chief",
n10390600,8,packrat,
n10617193,8,"snoop, snooper",
n10514784,8,refiner,
n10646433,7,stalker,
n10068425,7,exarch,
n10062492,7,equerry,
n09781398,7,"air traveler, air traveller",
n09986450,7,cymbalist,
n09811712,7,articulator,
n10752480,7,"victim, dupe",
n10747548,7,venerator,
n10562509,7,scourer,
n10186143,7,horsewoman,
n10255459,7,letterman,
n10473789,7,princeling,
n09985470,7,"cutter, carver",
n09755086,7,"abstractor, abstracter",
n10335801,7,"mouthpiece, mouth",
n10756061,7,viscountess,
n10562968,7,"scout, talent scout",
n10312600,7,Methodist,
n10700105,7,toiler,
n09945021,7,commodore,
n10679610,7,Surgeon General,
n09737161,7,Yakut,
n10339251,7,murder suspect,
n10198832,7,"idolizer, idoliser",
n10083677,7,"fellow traveler, fellow traveller",
n09987239,7,"czar, tsar, tzar",
n10442417,7,"plodder, slogger",
n09613690,7,"cosigner, cosignatory",
n10074735,7,extremist,
n10477955,7,processor,
n10740594,7,upsetter,
n10135297,7,"goffer, gopher",
n10130877,7,girlfriend,
n10442232,7,"plodder, slowpoke, stick-in-the-mud, slowcoach",
n10330593,7,moonlighter,
n09786115,6,alto,
n09745933,6,Utahan,
n10740732,6,upstager,
n10213429,6,introvert,
n10537906,6,"romanticist, romantic",
n10589666,6,ship-breaker,
n10555430,6,"scapegrace, black sheep",
n10189597,6,house sitter,
n10761519,6,"vulcanizer, vulcaniser",
n10121026,6,garment cutter,
n10381804,6,"orderly, hospital attendant",
n09996039,6,dropout,
n10062996,6,"escapist, dreamer, wishful thinker",
n10525878,6,returning officer,
n10505347,6,rainmaker,
n10578656,6,sendee,
n10289766,6,mandarin,
n10336904,6,muffin man,
n10625860,6,"sorcerer, magician, wizard, necromancer, thaumaturge, thaumaturgist",
n10241024,6,"labor coach, birthing coach, doula, monitrice",
n10227166,6,Jungian,
n09866922,6,"bootlegger, moonshiner",
n10155600,6,haggler,
n10601362,6,sipper,
n10132502,6,gleaner,
n09664556,6,"Paiute, Piute",
n10661216,6,stranger,
n09663786,5,Osage,
n10079893,5,fascist,
n10275848,5,Luddite,
n09631129,5,"unwelcome person, persona non grata",
n10130686,5,"girlfriend, girl, lady friend",
n10479328,5,"procurer, securer",
n10400998,5,"parodist, lampooner",
n10501453,5,"quick study, sponge",
n10245341,5,"landlubber, lubber, landsman",
n09704157,5,Lancastrian,
n10666752,5,"stumblebum, palooka",
n10721612,5,tragedian,
n09556121,5,"Rhea Silvia, Rea Silvia",
n10756837,5,visiting fireman,
n10554141,5,sawyer,
n10214062,5,"invader, encroacher",
n10091997,5,fire walker,
n10747424,5,vegan,
n10272782,5,loser,
n10358124,5,"night rider, nightrider",
n09965515,5,coreligionist,
n10686517,5,symphonist,
n10262880,5,lilliputian,
n10151367,5,"guest worker, guestworker",
n10776052,5,Whig,
n10359422,5,nitpicker,
n10103921,5,"foreigner, outsider",
n10284871,5,malahini,
n10759151,5,"volunteer, unpaid worker",
n09869447,5,bounty hunter,
n10252075,5,"leaseholder, lessee",
n10586998,5,Shavian,
n10158506,5,hand,
n10191388,5,"humanist, humanitarian",
n10391416,5,"page, pageboy",
n10531838,5,ringleader,
n10724132,5,transcriber,
n10396908,5,paperboy,
n10364502,5,"nuclear chemist, radiochemist",
n10181445,5,homeboy,
n09743601,5,Marylander,
n10724372,5,"transfer, transferee",
n10051026,5,"emancipator, manumitter",
n10397001,5,"paperhanger, paperer",
n10691318,4,"tapper, wiretapper, phone tapper",
n10195155,4,hypertensive,
n10591072,4,shogun,
n09761753,4,"account executive, account representative, registered representative, customer's broker, customer's man",
n10345100,4,"nanny, nursemaid, nurse",
n10686694,4,syncopator,
n10306004,4,medical scientist,
n09937688,4,colonial,
n09894909,4,"cardsharp, card sharp, cardsharper, card sharper, sharper, sharpie, sharpy, card shark",
n10681194,3,"survivor, subsister",
n10652703,3,"stationer, stationery seller",
n10331258,3,mortal enemy,
n10765587,3,waltzer,
n09935434,3,"collaborator, cooperator, partner, pardner",
n10162016,3,"hatchet man, iceman",
n10397142,3,paperhanger,
n10183347,3,honest woman,
n10024025,3,dolichocephalic,
n10618685,3,"social climber, climber",
n10425946,3,philosopher,
n10140783,3,grader,
n10178077,3,hitchhiker,
n10361296,3,nonparticipant,
n10334782,2,"mountebank, charlatan",
n10281546,2,magus,
n10121246,2,"garroter, garrotter, strangler, throttler, choker",
n10478293,2,proconsul,
n09891730,2,canonist,
n10621514,2,"sodomite, sodomist, sod, bugger",
n10238375,2,knight,
n10783646,2,wiper,
n10505732,2,"raja, rajah",
n10594523,2,shuffler,
n10507692,2,"rare bird, rara avis",
n10586166,2,"Shakespearian, Shakespearean",
n10263146,2,limnologist,
n10139077,2,good Samaritan,
n09853645,2,bigot,
n10291469,2,man-at-arms,
n09888635,2,"caller, caller-out",
n10350220,1,"Nazi, German Nazi",
n10252547,1,lecturer,
n10655169,1,"stevedore, loader, longshoreman, docker, dockhand, dock worker, dockworker, dock-walloper, lumper",
n10769084,1,"washerman, laundryman",
n10531445,1,ringer,
n10648237,1,"stand-in, substitute, relief, reliever, backup, backup man, fill-in",
n10507070,1,"ranter, raver",
n09669631,1,"Teton, Lakota, Teton Sioux, Teton Dakota",
n10110093,1,freedom rider,
n09794550,1,animator,
n10085101,1,fence,
n10048117,1,ejaculator,
n09792125,1,"anathema, bete noire",
n10101634,1,"football player, footballer",
n10062275,1,Episcopalian,
n10122300,1,gatherer,